,Fed_Funds_Eff._Rate,3_Month_TBill,2Y_Treasury,5Y_Treasury,10Y_Treasury,30Y_Treasury,5Y_Forward Infl. Exp. Rate,30Y Mortgage,BofA High Yield Spread,Inflation
2018-11-30,2.2,2.32,2.8,2.84,3.01,3.3,2.17,4.75,4.29,1.9201892337003867
2018-12-01,2.2,2.32,2.8,2.84,3.01,3.3,2.17,4.75,4.29,1.9201892337003867
2018-12-02,2.2,2.32,2.8,2.84,3.01,3.3,2.17,4.75,4.29,1.4956517543753822
2018-12-03,2.19,2.34,2.83,2.83,2.98,3.27,2.16,4.75,4.2,1.4956517543753822
2018-12-04,2.2,2.38,2.8,2.79,2.91,3.16,2.14,4.75,4.29,1.4956517543753822
2018-12-05,2.2,2.38,2.8,2.79,2.91,3.16,2.14,4.75,4.29,1.4956517543753822
2018-12-06,2.2,2.36,2.75,2.75,2.87,3.14,2.11,4.75,4.5,1.4956517543753822
2018-12-07,2.19,2.35,2.72,2.7,2.85,3.14,2.1,4.75,4.5,1.4956517543753822
2018-12-08,2.19,2.35,2.72,2.7,2.85,3.14,2.1,4.75,4.5,1.4956517543753822
2018-12-09,2.19,2.35,2.72,2.7,2.85,3.14,2.1,4.75,4.5,1.4956517543753822
2018-12-10,2.2,2.37,2.72,2.71,2.85,3.13,2.07,4.75,4.56,1.4956517543753822
2018-12-11,2.19,2.37,2.78,2.75,2.89,3.13,2.04,4.75,4.48,1.4956517543753822
2018-12-12,2.19,2.39,2.77,2.77,2.91,3.15,2.04,4.75,4.4,1.4956517543753822
2018-12-13,2.19,2.38,2.75,2.75,2.91,3.16,2.04,4.63,4.39,1.4956517543753822
2018-12-14,2.19,2.37,2.73,2.73,2.89,3.14,2.04,4.63,4.46,1.4956517543753822
2018-12-15,2.19,2.37,2.73,2.73,2.89,3.14,2.04,4.63,4.46,1.4956517543753822
2018-12-16,2.19,2.37,2.73,2.73,2.89,3.14,2.04,4.63,4.46,1.4956517543753822
2018-12-17,2.2,2.36,2.7,2.69,2.86,3.11,2.04,4.63,4.58,1.4956517543753822
2018-12-18,2.2,2.34,2.65,2.65,2.82,3.07,2.04,4.63,4.72,1.4956517543753822
2018-12-19,2.2,2.35,2.63,2.62,2.77,3.0,2.04,4.63,4.84,1.4956517543753822
2018-12-20,2.4,2.34,2.67,2.65,2.79,3.02,1.99,4.62,5.11,1.4956517543753822
2018-12-21,2.4,2.34,2.63,2.64,2.79,3.03,1.99,4.62,5.22,1.4956517543753822
2018-12-22,2.4,2.34,2.63,2.64,2.79,3.03,1.99,4.62,5.22,1.4956517543753822
2018-12-23,2.4,2.34,2.63,2.64,2.79,3.03,1.99,4.62,5.22,1.4956517543753822
2018-12-24,2.4,2.41,2.55,2.58,2.74,3.0,1.98,4.62,5.35,1.4956517543753822
2018-12-25,2.4,2.41,2.55,2.58,2.74,3.0,1.98,4.62,5.35,1.4956517543753822
2018-12-26,2.4,2.39,2.61,2.67,2.81,3.06,1.97,4.62,5.37,1.4956517543753822
2018-12-27,2.4,2.36,2.56,2.6,2.77,3.05,1.95,4.55,5.38,1.4956517543753822
2018-12-28,2.4,2.35,2.52,2.56,2.72,3.04,1.94,4.55,5.3,1.4956517543753822
2018-12-29,2.4,2.35,2.52,2.56,2.72,3.04,1.94,4.55,5.3,1.4956517543753822
2018-12-30,2.4,2.35,2.52,2.56,2.72,3.04,1.94,4.55,5.3,1.4956517543753822
2018-12-31,2.4,2.4,2.48,2.51,2.69,3.02,1.91,4.55,5.33,1.4956517543753822
2019-01-01,2.4,2.4,2.48,2.51,2.69,3.02,1.91,4.55,5.33,1.4956517543753822
2019-01-02,2.4,2.37,2.5,2.49,2.66,2.97,1.91,4.55,5.35,1.4717208182912112
2019-01-03,2.4,2.36,2.39,2.37,2.56,2.92,1.87,4.51,5.44,1.4717208182912112
2019-01-04,2.4,2.37,2.5,2.49,2.67,2.98,1.94,4.51,5.05,1.4717208182912112
2019-01-05,2.4,2.37,2.5,2.49,2.67,2.98,1.94,4.51,5.05,1.4717208182912112
2019-01-06,2.4,2.37,2.5,2.49,2.67,2.98,1.94,4.51,5.05,1.4717208182912112
2019-01-07,2.4,2.41,2.53,2.53,2.7,2.99,1.95,4.51,4.83,1.4717208182912112
2019-01-08,2.4,2.41,2.58,2.58,2.73,3.0,1.98,4.51,4.65,1.4717208182912112
2019-01-09,2.4,2.4,2.56,2.57,2.74,3.03,1.98,4.51,4.52,1.4717208182912112
2019-01-10,2.4,2.38,2.56,2.56,2.74,3.06,1.97,4.45,4.54,1.4717208182912112
2019-01-11,2.4,2.38,2.55,2.52,2.71,3.04,2.0,4.45,4.55,1.4717208182912112
2019-01-12,2.4,2.38,2.55,2.52,2.71,3.04,2.0,4.45,4.55,1.4717208182912112
2019-01-13,2.4,2.38,2.55,2.52,2.71,3.04,2.0,4.45,4.55,1.4717208182912112
2019-01-14,2.4,2.4,2.53,2.53,2.71,3.06,1.98,4.45,4.6,1.4717208182912112
2019-01-15,2.4,2.4,2.53,2.53,2.72,3.08,1.99,4.45,4.55,1.4717208182912112
2019-01-16,2.4,2.38,2.55,2.54,2.73,3.07,2.0,4.45,4.44,1.4717208182912112
2019-01-17,2.4,2.37,2.56,2.58,2.75,3.07,1.94,4.45,4.4,1.4717208182912112
2019-01-18,2.4,2.36,2.62,2.62,2.79,3.09,1.99,4.45,4.27,1.4717208182912112
2019-01-19,2.4,2.36,2.62,2.62,2.79,3.09,1.99,4.45,4.27,1.4717208182912112
2019-01-20,2.4,2.36,2.62,2.62,2.79,3.09,1.99,4.45,4.27,1.4717208182912112
2019-01-21,2.4,2.36,2.62,2.62,2.79,3.09,1.99,4.45,4.27,1.4717208182912112
2019-01-22,2.4,2.38,2.58,2.57,2.74,3.06,1.95,4.45,4.41,1.4717208182912112
2019-01-23,2.4,2.36,2.58,2.59,2.76,3.07,1.96,4.45,4.39,1.4717208182912112
2019-01-24,2.4,2.32,2.56,2.55,2.72,3.04,1.92,4.45,4.45,1.4717208182912112
2019-01-25,2.4,2.34,2.6,2.59,2.76,3.06,1.94,4.45,4.34,1.4717208182912112
2019-01-26,2.4,2.34,2.6,2.59,2.76,3.06,1.94,4.45,4.34,1.4717208182912112
2019-01-27,2.4,2.34,2.6,2.59,2.76,3.06,1.94,4.45,4.34,1.4717208182912112
2019-01-28,2.4,2.37,2.6,2.58,2.75,3.06,1.94,4.45,4.41,1.4717208182912112
2019-01-29,2.4,2.37,2.56,2.55,2.72,3.04,1.94,4.45,4.4,1.4717208182912112
2019-01-30,2.4,2.37,2.52,2.49,2.7,3.06,2.0,4.45,4.36,1.4717208182912112
2019-01-31,2.4,2.36,2.45,2.43,2.63,2.99,2.0,4.46,4.37,1.4717208182912112
2019-02-01,2.4,2.35,2.52,2.51,2.7,3.03,2.04,4.46,4.29,1.4717208182912112
2019-02-02,2.4,2.35,2.52,2.51,2.7,3.03,2.04,4.46,4.29,1.8555849902010646
2019-02-03,2.4,2.35,2.52,2.51,2.7,3.03,2.04,4.46,4.29,1.8555849902010646
2019-02-04,2.4,2.37,2.53,2.53,2.73,3.06,2.02,4.46,4.25,1.8555849902010646
2019-02-05,2.4,2.37,2.53,2.51,2.71,3.03,2.02,4.46,4.15,1.8555849902010646
2019-02-06,2.4,2.37,2.52,2.5,2.7,3.03,2.01,4.46,4.13,1.8555849902010646
2019-02-07,2.4,2.37,2.48,2.46,2.65,3.0,1.99,4.41,4.29,1.8555849902010646
2019-02-08,2.4,2.38,2.45,2.44,2.63,2.97,1.95,4.41,4.32,1.8555849902010646
2019-02-09,2.4,2.38,2.45,2.44,2.63,2.97,1.95,4.41,4.32,1.8555849902010646
2019-02-10,2.4,2.38,2.45,2.44,2.63,2.97,1.95,4.41,4.32,1.8555849902010646
2019-02-11,2.4,2.4,2.48,2.47,2.65,3.0,1.95,4.41,4.28,1.8555849902010646
2019-02-12,2.4,2.38,2.5,2.49,2.68,3.02,1.95,4.41,4.17,1.8555849902010646
2019-02-13,2.4,2.39,2.53,2.53,2.71,3.04,1.96,4.41,4.12,1.8555849902010646
2019-02-14,2.4,2.38,2.5,2.48,2.66,3.01,1.96,4.37,4.17,1.8555849902010646
2019-02-15,2.4,2.38,2.52,2.49,2.66,3.0,1.97,4.37,4.12,1.8555849902010646
2019-02-16,2.4,2.38,2.52,2.49,2.66,3.0,1.97,4.37,4.12,1.8555849902010646
2019-02-17,2.4,2.38,2.52,2.49,2.66,3.0,1.97,4.37,4.12,1.8555849902010646
2019-02-18,2.4,2.38,2.52,2.49,2.66,3.0,1.97,4.37,4.12,1.8555849902010646
2019-02-19,2.4,2.41,2.5,2.47,2.65,2.99,1.98,4.37,4.11,1.8555849902010646
2019-02-20,2.4,2.4,2.5,2.47,2.65,3.0,1.99,4.37,4.08,1.8555849902010646
2019-02-21,2.4,2.4,2.53,2.51,2.69,3.05,2.02,4.35,4.04,1.8555849902010646
2019-02-22,2.4,2.41,2.48,2.47,2.65,3.02,2.0,4.35,4.05,1.8555849902010646
2019-02-23,2.4,2.41,2.48,2.47,2.65,3.02,2.0,4.35,4.05,1.8555849902010646
2019-02-24,2.4,2.41,2.48,2.47,2.65,3.02,2.0,4.35,4.05,1.8555849902010646
2019-02-25,2.4,2.42,2.51,2.48,2.67,3.03,2.02,4.35,4.0,1.8555849902010646
2019-02-26,2.4,2.4,2.48,2.45,2.64,3.01,2.02,4.35,4.01,1.8555849902010646
2019-02-27,2.4,2.4,2.5,2.49,2.69,3.07,2.02,4.35,3.94,1.8555849902010646
2019-02-28,2.4,2.4,2.52,2.52,2.73,3.09,2.06,4.35,3.92,1.8555849902010646
2019-03-01,2.4,2.39,2.55,2.56,2.76,3.13,2.07,4.35,3.86,1.8555849902010646
2019-03-02,2.4,2.39,2.55,2.56,2.76,3.13,2.07,4.35,3.86,2.0181800019978047
2019-03-03,2.4,2.39,2.55,2.56,2.76,3.13,2.07,4.35,3.86,2.0181800019978047
2019-03-04,2.4,2.41,2.55,2.53,2.72,3.09,2.04,4.35,3.9,2.0181800019978047
2019-03-05,2.4,2.41,2.55,2.53,2.72,3.08,2.03,4.35,3.91,2.0181800019978047
2019-03-06,2.4,2.41,2.52,2.49,2.69,3.06,2.01,4.35,3.98,2.0181800019978047
2019-03-07,2.4,2.4,2.47,2.44,2.64,3.03,2.0,4.41,4.1,2.0181800019978047
2019-03-08,2.4,2.41,2.45,2.42,2.62,3.0,2.0,4.41,4.18,2.0181800019978047
2019-03-09,2.4,2.41,2.45,2.42,2.62,3.0,2.0,4.41,4.18,2.0181800019978047
2019-03-10,2.4,2.41,2.45,2.42,2.62,3.0,2.0,4.41,4.18,2.0181800019978047
2019-03-11,2.4,2.41,2.47,2.44,2.64,3.03,2.0,4.41,4.12,2.0181800019978047
2019-03-12,2.4,2.41,2.45,2.41,2.61,3.0,1.99,4.41,4.08,2.0181800019978047
2019-03-13,2.4,2.4,2.45,2.42,2.61,3.02,2.0,4.41,3.99,2.0181800019978047
2019-03-14,2.4,2.4,2.46,2.43,2.63,3.04,2.03,4.31,3.95,2.0181800019978047
2019-03-15,2.4,2.4,2.43,2.4,2.59,3.02,2.02,4.31,3.95,2.0181800019978047
2019-03-16,2.4,2.4,2.43,2.4,2.59,3.02,2.02,4.31,3.95,2.0181800019978047
2019-03-17,2.4,2.4,2.43,2.4,2.59,3.02,2.02,4.31,3.95,2.0181800019978047
2019-03-18,2.4,2.39,2.45,2.42,2.6,3.01,2.04,4.31,3.95,2.0181800019978047
2019-03-19,2.4,2.41,2.46,2.42,2.61,3.02,2.05,4.31,3.91,2.0181800019978047
2019-03-20,2.41,2.42,2.4,2.34,2.54,2.98,2.04,4.31,3.97,2.0181800019978047
2019-03-21,2.41,2.43,2.41,2.34,2.54,2.96,2.06,4.28,3.92,2.0181800019978047
2019-03-22,2.41,2.41,2.31,2.24,2.44,2.88,2.0,4.28,4.03,2.0181800019978047
2019-03-23,2.41,2.41,2.31,2.24,2.44,2.88,2.0,4.28,4.03,2.0181800019978047
2019-03-24,2.41,2.41,2.31,2.24,2.44,2.88,2.0,4.28,4.03,2.0181800019978047
2019-03-25,2.4,2.41,2.26,2.21,2.43,2.87,1.99,4.28,4.13,2.0181800019978047
2019-03-26,2.4,2.41,2.24,2.18,2.41,2.86,1.97,4.28,4.09,2.0181800019978047
2019-03-27,2.41,2.39,2.22,2.18,2.39,2.83,1.94,4.28,4.09,2.0181800019978047
2019-03-28,2.41,2.38,2.23,2.2,2.39,2.81,1.94,4.06,4.08,2.0181800019978047
2019-03-29,2.43,2.35,2.27,2.23,2.41,2.81,1.98,4.06,3.99,2.0181800019978047
2019-03-30,2.43,2.35,2.27,2.23,2.41,2.81,1.98,4.06,3.99,2.0181800019978047
2019-03-31,2.43,2.35,2.27,2.23,2.41,2.81,1.98,4.06,4.05,2.0181800019978047
2019-04-01,2.41,2.38,2.33,2.31,2.49,2.89,1.98,4.06,3.94,2.0181800019978047
2019-04-02,2.41,2.37,2.3,2.28,2.48,2.88,1.99,4.06,3.95,1.828251975788131
2019-04-03,2.41,2.39,2.33,2.32,2.52,2.93,2.01,4.06,3.9,1.828251975788131
2019-04-04,2.41,2.39,2.33,2.32,2.51,2.92,1.99,4.08,3.9,1.828251975788131
2019-04-05,2.41,2.39,2.35,2.31,2.5,2.91,2.01,4.08,3.86,1.828251975788131
2019-04-06,2.41,2.39,2.35,2.31,2.5,2.91,2.01,4.08,3.86,1.828251975788131
2019-04-07,2.41,2.39,2.35,2.31,2.5,2.91,2.01,4.08,3.86,1.828251975788131
2019-04-08,2.41,2.38,2.36,2.33,2.52,2.93,2.01,4.08,3.84,1.828251975788131
2019-04-09,2.41,2.37,2.35,2.31,2.51,2.92,2.02,4.08,3.86,1.828251975788131
2019-04-10,2.41,2.38,2.31,2.28,2.48,2.9,2.05,4.08,3.86,1.828251975788131
2019-04-11,2.41,2.38,2.35,2.31,2.51,2.94,2.06,4.12,3.79,1.828251975788131
2019-04-12,2.41,2.39,2.4,2.38,2.56,2.97,2.04,4.12,3.68,1.828251975788131
2019-04-13,2.41,2.39,2.4,2.38,2.56,2.97,2.04,4.12,3.68,1.828251975788131
2019-04-14,2.41,2.39,2.4,2.38,2.56,2.97,2.04,4.12,3.68,1.828251975788131
2019-04-15,2.41,2.38,2.4,2.37,2.55,2.96,2.03,4.12,3.68,1.828251975788131
2019-04-16,2.41,2.38,2.41,2.41,2.6,2.99,2.06,4.12,3.64,1.828251975788131
2019-04-17,2.42,2.39,2.4,2.4,2.59,2.99,2.04,4.12,3.67,1.828251975788131
2019-04-18,2.43,2.37,2.38,2.38,2.57,2.96,2.04,4.17,3.73,1.828251975788131
2019-04-19,2.44,2.37,2.38,2.38,2.57,2.96,2.04,4.17,3.73,1.828251975788131
2019-04-20,2.44,2.37,2.38,2.38,2.57,2.96,2.04,4.17,3.73,1.828251975788131
2019-04-21,2.44,2.37,2.38,2.38,2.57,2.96,2.04,4.17,3.73,1.828251975788131
2019-04-22,2.44,2.39,2.38,2.39,2.59,2.99,2.03,4.17,3.73,1.828251975788131
2019-04-23,2.44,2.4,2.36,2.36,2.57,2.98,2.03,4.17,3.72,1.828251975788131
2019-04-24,2.44,2.39,2.32,2.32,2.53,2.94,2.05,4.17,3.73,1.828251975788131
2019-04-25,2.44,2.38,2.33,2.33,2.54,2.94,2.1,4.2,3.75,1.828251975788131
2019-04-26,2.44,2.37,2.28,2.29,2.51,2.92,2.08,4.2,3.76,1.828251975788131
2019-04-27,2.44,2.37,2.28,2.29,2.51,2.92,2.08,4.2,3.76,1.828251975788131
2019-04-28,2.44,2.37,2.28,2.29,2.51,2.92,2.08,4.2,3.76,1.828251975788131
2019-04-29,2.45,2.39,2.3,2.32,2.54,2.96,2.06,4.2,3.73,1.828251975788131
2019-04-30,2.45,2.38,2.27,2.28,2.51,2.93,2.05,4.2,3.73,1.828251975788131
2019-05-01,2.45,2.38,2.31,2.31,2.52,2.92,2.03,4.2,3.71,1.828251975788131
2019-05-02,2.41,2.41,2.35,2.34,2.55,2.94,2.0,4.14,3.74,1.7005638020003877
2019-05-03,2.4,2.38,2.33,2.33,2.54,2.93,2.02,4.14,3.72,1.7005638020003877
2019-05-04,2.4,2.38,2.33,2.33,2.54,2.93,2.02,4.14,3.72,1.7005638020003877
2019-05-05,2.4,2.38,2.33,2.33,2.54,2.93,2.02,4.14,3.72,1.7005638020003877
2019-05-06,2.4,2.39,2.31,2.3,2.51,2.91,2.01,4.14,3.82,1.7005638020003877
2019-05-07,2.4,2.38,2.28,2.25,2.45,2.86,1.98,4.14,3.89,1.7005638020003877
2019-05-08,2.39,2.38,2.3,2.28,2.49,2.89,1.99,4.14,3.87,1.7005638020003877
2019-05-09,2.38,2.38,2.26,2.25,2.45,2.87,1.97,4.1,3.99,1.7005638020003877
2019-05-10,2.38,2.38,2.26,2.26,2.47,2.89,2.01,4.1,4.01,1.7005638020003877
2019-05-11,2.38,2.38,2.26,2.26,2.47,2.89,2.01,4.1,4.01,1.7005638020003877
2019-05-12,2.38,2.38,2.26,2.26,2.47,2.89,2.01,4.1,4.01,1.7005638020003877
2019-05-13,2.38,2.36,2.18,2.18,2.4,2.83,1.97,4.1,4.2,1.7005638020003877
2019-05-14,2.38,2.36,2.2,2.2,2.42,2.86,1.97,4.1,4.13,1.7005638020003877
2019-05-15,2.4,2.37,2.16,2.15,2.37,2.82,1.92,4.1,4.17,1.7005638020003877
2019-05-16,2.39,2.35,2.2,2.18,2.4,2.84,1.93,4.07,4.06,1.7005638020003877
2019-05-17,2.39,2.34,2.2,2.17,2.39,2.82,1.91,4.07,4.07,1.7005638020003877
2019-05-18,2.39,2.34,2.2,2.17,2.39,2.82,1.91,4.07,4.07,1.7005638020003877
2019-05-19,2.39,2.34,2.2,2.17,2.39,2.82,1.91,4.07,4.07,1.7005638020003877
2019-05-20,2.39,2.34,2.21,2.21,2.41,2.83,1.91,4.07,4.06,1.7005638020003877
2019-05-21,2.39,2.34,2.26,2.23,2.43,2.84,1.94,4.07,3.99,1.7005638020003877
2019-05-22,2.38,2.33,2.23,2.19,2.39,2.82,1.9,4.07,4.03,1.7005638020003877
2019-05-23,2.38,2.32,2.12,2.11,2.31,2.75,1.84,4.06,4.22,1.7005638020003877
2019-05-24,2.38,2.3,2.16,2.12,2.32,2.75,1.9,4.06,4.16,1.7005638020003877
2019-05-25,2.38,2.3,2.16,2.12,2.32,2.75,1.9,4.06,4.16,1.7005638020003877
2019-05-26,2.38,2.3,2.16,2.12,2.32,2.75,1.9,4.06,4.16,1.7005638020003877
2019-05-27,2.38,2.3,2.16,2.12,2.32,2.75,1.9,4.06,4.16,1.7005638020003877
2019-05-28,2.39,2.32,2.12,2.06,2.26,2.7,1.88,4.06,4.19,1.7005638020003877
2019-05-29,2.39,2.32,2.09,2.05,2.25,2.69,1.91,4.06,4.36,1.7005638020003877
2019-05-30,2.39,2.33,2.06,2.03,2.22,2.65,1.89,3.99,4.33,1.7005638020003877
2019-05-31,2.4,2.3,1.95,1.93,2.14,2.58,1.9,3.99,4.59,1.7005638020003877
2019-06-01,2.4,2.3,1.95,1.93,2.14,2.58,1.9,3.99,4.59,1.7005638020003877
2019-06-02,2.4,2.3,1.95,1.93,2.14,2.58,1.9,3.99,4.59,1.8221965823867592
2019-06-03,2.38,2.3,1.82,1.83,2.07,2.53,1.9,3.99,4.7,1.8221965823867592
2019-06-04,2.38,2.3,1.88,1.89,2.12,2.6,1.89,3.99,4.53,1.8221965823867592
2019-06-05,2.38,2.3,1.83,1.86,2.12,2.63,1.91,3.99,4.48,1.8221965823867592
2019-06-06,2.37,2.28,1.88,1.88,2.12,2.62,1.88,3.82,4.42,1.8221965823867592
2019-06-07,2.37,2.23,1.85,1.85,2.09,2.57,1.87,3.82,4.37,1.8221965823867592
2019-06-08,2.37,2.23,1.85,1.85,2.09,2.57,1.87,3.82,4.37,1.8221965823867592
2019-06-09,2.37,2.23,1.85,1.85,2.09,2.57,1.87,3.82,4.37,1.8221965823867592
2019-06-10,2.37,2.24,1.9,1.91,2.15,2.62,1.86,3.82,4.23,1.8221965823867592
2019-06-11,2.37,2.22,1.93,1.92,2.15,2.62,1.87,3.82,4.2,1.8221965823867592
2019-06-12,2.37,2.19,1.88,1.88,2.13,2.62,1.89,3.82,4.22,1.8221965823867592
2019-06-13,2.37,2.14,1.83,1.84,2.1,2.61,1.85,3.82,4.24,1.8221965823867592
2019-06-14,2.36,2.15,1.84,1.85,2.09,2.59,1.78,3.82,4.23,1.8221965823867592
2019-06-15,2.36,2.15,1.84,1.85,2.09,2.59,1.78,3.82,4.23,1.8221965823867592
2019-06-16,2.36,2.15,1.84,1.85,2.09,2.59,1.78,3.82,4.23,1.8221965823867592
2019-06-17,2.38,2.18,1.86,1.85,2.09,2.58,1.77,3.82,4.23,1.8221965823867592
2019-06-18,2.37,2.17,1.86,1.83,2.06,2.55,1.79,3.82,4.14,1.8221965823867592
2019-06-19,2.37,2.13,1.74,1.77,2.03,2.54,1.81,3.82,4.16,1.8221965823867592
2019-06-20,2.37,2.09,1.72,1.74,2.01,2.53,1.9,3.84,4.03,1.8221965823867592
2019-06-21,2.38,2.07,1.77,1.8,2.07,2.59,1.86,3.84,3.95,1.8221965823867592
2019-06-22,2.38,2.07,1.77,1.8,2.07,2.59,1.86,3.84,3.95,1.8221965823867592
2019-06-23,2.38,2.07,1.77,1.8,2.07,2.59,1.86,3.84,3.95,1.8221965823867592
2019-06-24,2.38,2.08,1.72,1.75,2.02,2.55,1.85,3.84,4.0,1.8221965823867592
2019-06-25,2.38,2.07,1.71,1.73,2.0,2.53,1.82,3.84,4.09,1.8221965823867592
2019-06-26,2.38,2.1,1.77,1.8,2.05,2.57,1.84,3.84,4.05,1.8221965823867592
2019-06-27,2.38,2.09,1.74,1.76,2.01,2.52,1.83,3.73,4.09,1.8221965823867592
2019-06-28,2.4,2.08,1.75,1.76,2.0,2.52,1.85,3.73,4.07,1.8221965823867592
2019-06-29,2.4,2.08,1.75,1.76,2.0,2.52,1.85,3.73,4.07,1.8221965823867592
2019-06-30,2.4,2.08,1.75,1.76,2.0,2.52,1.85,3.73,4.07,1.8221965823867592
2019-07-01,2.39,2.16,1.78,1.79,2.03,2.55,1.85,3.73,3.99,1.8221965823867592
2019-07-02,2.4,2.15,1.77,1.75,1.98,2.51,1.8,3.73,4.04,1.7411166504458953
2019-07-03,2.41,2.16,1.77,1.74,1.96,2.47,1.79,3.75,4.02,1.7411166504458953
2019-07-04,2.41,2.16,1.77,1.74,1.96,2.47,1.79,3.75,4.02,1.7411166504458953
2019-07-05,2.42,2.18,1.87,1.84,2.04,2.54,1.83,3.75,3.98,1.7411166504458953
2019-07-06,2.42,2.18,1.87,1.84,2.04,2.54,1.83,3.75,3.98,1.7411166504458953
2019-07-07,2.42,2.18,1.87,1.84,2.04,2.54,1.83,3.75,3.98,1.7411166504458953
2019-07-08,2.41,2.21,1.88,1.86,2.05,2.53,1.85,3.75,4.0,1.7411166504458953
2019-07-09,2.41,2.21,1.92,1.88,2.07,2.54,1.86,3.75,4.03,1.7411166504458953
2019-07-10,2.41,2.15,1.82,1.82,2.07,2.57,1.89,3.75,4.01,1.7411166504458953
2019-07-11,2.4,2.12,1.85,1.88,2.13,2.65,1.91,3.75,4.0,1.7411166504458953
2019-07-12,2.38,2.1,1.84,1.86,2.12,2.64,1.92,3.75,4.02,1.7411166504458953
2019-07-13,2.38,2.1,1.84,1.86,2.12,2.64,1.92,3.75,4.02,1.7411166504458953
2019-07-14,2.38,2.1,1.84,1.86,2.12,2.64,1.92,3.75,4.02,1.7411166504458953
2019-07-15,2.4,2.11,1.83,1.84,2.09,2.61,1.93,3.75,4.0,1.7411166504458953
2019-07-16,2.41,2.1,1.87,1.88,2.13,2.63,1.97,3.75,3.96,1.7411166504458953
2019-07-17,2.41,2.09,1.83,1.83,2.06,2.57,1.9,3.75,4.01,1.7411166504458953
2019-07-18,2.41,2.01,1.77,1.78,2.04,2.56,1.98,3.81,4.11,1.7411166504458953
2019-07-19,2.41,2.02,1.8,1.8,2.05,2.57,2.0,3.81,4.07,1.7411166504458953
2019-07-20,2.41,2.02,1.8,1.8,2.05,2.57,2.0,3.81,4.07,1.7411166504458953
2019-07-21,2.41,2.02,1.8,1.8,2.05,2.57,2.0,3.81,4.07,1.7411166504458953
2019-07-22,2.4,2.04,1.8,1.8,2.05,2.58,1.99,3.81,4.06,1.7411166504458953
2019-07-23,2.4,2.02,1.83,1.83,2.08,2.61,2.01,3.81,3.99,1.7411166504458953
2019-07-24,2.4,2.05,1.83,1.82,2.05,2.58,1.99,3.81,3.98,1.7411166504458953
2019-07-25,2.4,2.06,1.86,1.85,2.08,2.6,2.0,3.75,3.93,1.7411166504458953
2019-07-26,2.4,2.08,1.86,1.85,2.08,2.59,1.99,3.75,3.89,1.7411166504458953
2019-07-27,2.4,2.08,1.86,1.85,2.08,2.59,1.99,3.75,3.89,1.7411166504458953
2019-07-28,2.4,2.08,1.86,1.85,2.08,2.59,1.99,3.75,3.89,1.7411166504458953
2019-07-29,2.4,2.07,1.85,1.84,2.06,2.59,1.97,3.75,3.93,1.7411166504458953
2019-07-30,2.39,2.04,1.85,1.84,2.06,2.58,1.98,3.75,3.97,1.7411166504458953
2019-07-31,2.4,2.04,1.89,1.84,2.02,2.53,1.96,3.75,3.93,1.7411166504458953
2019-08-01,2.14,2.03,1.73,1.68,1.9,2.44,1.93,3.75,4.1,1.7411166504458953
2019-08-02,2.14,2.02,1.72,1.66,1.86,2.39,1.87,3.75,4.19,1.7245413053219139
2019-08-03,2.14,2.02,1.72,1.66,1.86,2.39,1.87,3.75,4.19,1.7245413053219139
2019-08-04,2.14,2.02,1.72,1.66,1.86,2.39,1.87,3.75,4.19,1.7245413053219139
2019-08-05,2.13,2.0,1.59,1.55,1.75,2.3,1.81,3.75,4.53,1.7245413053219139
2019-08-06,2.13,2.01,1.6,1.53,1.73,2.25,1.84,3.75,4.46,1.7245413053219139
2019-08-07,2.12,1.98,1.59,1.52,1.71,2.22,1.86,3.75,4.52,1.7245413053219139
2019-08-08,2.12,1.98,1.62,1.54,1.72,2.25,1.87,3.6,4.31,1.7245413053219139
2019-08-09,2.12,1.96,1.63,1.57,1.74,2.26,1.88,3.6,4.31,1.7245413053219139
2019-08-10,2.12,1.96,1.63,1.57,1.74,2.26,1.88,3.6,4.31,1.7245413053219139
2019-08-11,2.12,1.96,1.63,1.57,1.74,2.26,1.88,3.6,4.31,1.7245413053219139
2019-08-12,2.12,1.96,1.58,1.49,1.65,2.14,1.83,3.6,4.4,1.7245413053219139
2019-08-13,2.12,1.96,1.66,1.57,1.68,2.15,1.82,3.6,4.25,1.7245413053219139
2019-08-14,2.12,1.92,1.58,1.51,1.59,2.03,1.78,3.6,4.49,1.7245413053219139
2019-08-15,2.13,1.87,1.48,1.42,1.52,1.98,1.74,3.6,4.52,1.7245413053219139
2019-08-16,2.13,1.83,1.48,1.42,1.55,2.01,1.74,3.6,4.47,1.7245413053219139
2019-08-17,2.13,1.83,1.48,1.42,1.55,2.01,1.74,3.6,4.47,1.7245413053219139
2019-08-18,2.13,1.83,1.48,1.42,1.55,2.01,1.74,3.6,4.47,1.7245413053219139
2019-08-19,2.13,1.9,1.53,1.47,1.6,2.08,1.76,3.6,4.36,1.7245413053219139
2019-08-20,2.13,1.9,1.5,1.42,1.55,2.04,1.72,3.6,4.35,1.7245413053219139
2019-08-21,2.12,1.93,1.56,1.47,1.59,2.07,1.74,3.6,4.21,1.7245413053219139
2019-08-22,2.12,1.96,1.61,1.5,1.62,2.11,1.75,3.55,4.16,1.7245413053219139
2019-08-23,2.12,1.93,1.51,1.4,1.52,2.02,1.73,3.55,4.25,1.7245413053219139
2019-08-24,2.12,1.93,1.51,1.4,1.52,2.02,1.73,3.55,4.25,1.7245413053219139
2019-08-25,2.12,1.93,1.51,1.4,1.52,2.02,1.73,3.55,4.25,1.7245413053219139
2019-08-26,2.12,1.96,1.54,1.43,1.54,2.04,1.74,3.55,4.22,1.7245413053219139
2019-08-27,2.12,1.94,1.53,1.4,1.49,1.97,1.74,3.55,4.19,1.7245413053219139
2019-08-28,2.12,1.95,1.5,1.37,1.47,1.94,1.74,3.55,4.17,1.7245413053219139
2019-08-29,2.12,1.95,1.53,1.4,1.5,1.97,1.79,3.58,4.08,1.7245413053219139
2019-08-30,2.13,1.95,1.5,1.39,1.5,1.96,1.75,3.58,4.09,1.7245413053219139
2019-08-31,2.13,1.95,1.5,1.39,1.5,1.96,1.75,3.58,4.13,1.7245413053219139
2019-09-01,2.13,1.95,1.5,1.39,1.5,1.96,1.75,3.58,4.13,1.7245413053219139
2019-09-02,2.13,1.95,1.5,1.39,1.5,1.96,1.75,3.58,4.13,1.7746214892111034
2019-09-03,2.13,1.94,1.47,1.35,1.47,1.95,1.71,3.58,4.23,1.7746214892111034
2019-09-04,2.13,1.93,1.43,1.32,1.47,1.97,1.71,3.58,4.23,1.7746214892111034
2019-09-05,2.13,1.93,1.55,1.43,1.57,2.06,1.77,3.49,4.07,1.7746214892111034
2019-09-06,2.12,1.92,1.53,1.42,1.55,2.02,1.73,3.49,4.05,1.7746214892111034
2019-09-07,2.12,1.92,1.53,1.42,1.55,2.02,1.73,3.49,4.05,1.7746214892111034
2019-09-08,2.12,1.92,1.53,1.42,1.55,2.02,1.73,3.49,4.05,1.7746214892111034
2019-09-09,2.13,1.92,1.58,1.49,1.63,2.11,1.76,3.49,3.99,1.7746214892111034
2019-09-10,2.13,1.91,1.67,1.58,1.72,2.19,1.8,3.49,3.9,1.7746214892111034
2019-09-11,2.13,1.92,1.68,1.6,1.75,2.22,1.8,3.49,3.92,1.7746214892111034
2019-09-12,2.13,1.91,1.72,1.65,1.79,2.22,1.83,3.56,3.85,1.7746214892111034
2019-09-13,2.14,1.92,1.79,1.75,1.9,2.37,1.88,3.56,3.83,1.7746214892111034
2019-09-14,2.14,1.92,1.79,1.75,1.9,2.37,1.88,3.56,3.83,1.7746214892111034
2019-09-15,2.14,1.92,1.79,1.75,1.9,2.37,1.88,3.56,3.83,1.7746214892111034
2019-09-16,2.25,1.95,1.74,1.69,1.84,2.31,1.86,3.56,3.8,1.7746214892111034
2019-09-17,2.3,1.95,1.72,1.66,1.81,2.27,1.86,3.56,3.81,1.7746214892111034
2019-09-18,2.25,1.91,1.77,1.68,1.8,2.25,1.78,3.56,3.82,1.7746214892111034
2019-09-19,1.9,1.89,1.74,1.66,1.79,2.22,1.81,3.73,3.77,1.7746214892111034
2019-09-20,1.9,1.87,1.69,1.61,1.74,2.17,1.8,3.73,3.81,1.7746214892111034
2019-09-21,1.9,1.87,1.69,1.61,1.74,2.17,1.8,3.73,3.81,1.7746214892111034
2019-09-22,1.9,1.87,1.69,1.61,1.74,2.17,1.8,3.73,3.81,1.7746214892111034
2019-09-23,1.9,1.9,1.68,1.59,1.72,2.16,1.8,3.73,3.84,1.7746214892111034
2019-09-24,1.9,1.88,1.6,1.52,1.64,2.09,1.77,3.73,3.9,1.7746214892111034
2019-09-25,1.9,1.85,1.68,1.6,1.73,2.18,1.79,3.73,3.91,1.7746214892111034
2019-09-26,1.85,1.79,1.66,1.59,1.7,2.15,1.74,3.64,3.95,1.7746214892111034
2019-09-27,1.83,1.76,1.63,1.56,1.69,2.13,1.7,3.64,3.99,1.7746214892111034
2019-09-28,1.83,1.76,1.63,1.56,1.69,2.13,1.7,3.64,3.99,1.7746214892111034
2019-09-29,1.83,1.76,1.63,1.56,1.69,2.13,1.7,3.64,3.99,1.7746214892111034
2019-09-30,1.9,1.84,1.63,1.55,1.68,2.12,1.71,3.64,4.02,1.7746214892111034
2019-10-01,1.88,1.78,1.56,1.51,1.65,2.11,1.71,3.64,4.08,1.7746214892111034
2019-10-02,1.85,1.75,1.48,1.43,1.6,2.09,1.71,3.64,4.28,2.043730371565755
2019-10-03,1.83,1.67,1.39,1.34,1.54,2.04,1.71,3.65,4.4,2.043730371565755
2019-10-04,1.82,1.68,1.4,1.34,1.52,2.01,1.73,3.65,4.38,2.043730371565755
2019-10-05,1.82,1.68,1.4,1.34,1.52,2.01,1.73,3.65,4.38,2.043730371565755
2019-10-06,1.82,1.68,1.4,1.34,1.52,2.01,1.73,3.65,4.38,2.043730371565755
2019-10-07,1.82,1.71,1.46,1.38,1.56,2.05,1.75,3.65,4.31,2.043730371565755
2019-10-08,1.82,1.68,1.42,1.36,1.54,2.04,1.71,3.65,4.39,2.043730371565755
2019-10-09,1.82,1.66,1.47,1.4,1.59,2.08,1.74,3.65,4.32,2.043730371565755
2019-10-10,1.82,1.65,1.53,1.48,1.67,2.16,1.75,3.57,4.26,2.043730371565755
2019-10-11,1.82,1.65,1.63,1.59,1.76,2.22,1.78,3.57,4.1,2.043730371565755
2019-10-12,1.82,1.65,1.63,1.59,1.76,2.22,1.78,3.57,4.1,2.043730371565755
2019-10-13,1.82,1.65,1.63,1.59,1.76,2.22,1.78,3.57,4.1,2.043730371565755
2019-10-14,1.82,1.65,1.63,1.59,1.76,2.22,1.78,3.57,4.08,2.043730371565755
2019-10-15,1.9,1.64,1.61,1.59,1.77,2.23,1.79,3.57,4.01,2.043730371565755
2019-10-16,1.9,1.63,1.58,1.57,1.75,2.23,1.79,3.57,4.01,2.043730371565755
2019-10-17,1.85,1.63,1.6,1.57,1.76,2.24,1.66,3.69,4.0,2.043730371565755
2019-10-18,1.85,1.63,1.58,1.56,1.76,2.25,1.68,3.69,4.02,2.043730371565755
2019-10-19,1.85,1.63,1.58,1.56,1.76,2.25,1.68,3.69,4.02,2.043730371565755
2019-10-20,1.85,1.63,1.58,1.56,1.76,2.25,1.68,3.69,4.02,2.043730371565755
2019-10-21,1.85,1.64,1.62,1.61,1.8,2.28,1.69,3.69,3.98,2.043730371565755
2019-10-22,1.85,1.62,1.6,1.6,1.78,2.26,1.69,3.69,3.99,2.043730371565755
2019-10-23,1.85,1.62,1.58,1.58,1.77,2.25,1.7,3.69,3.98,2.043730371565755
2019-10-24,1.85,1.64,1.58,1.58,1.77,2.26,1.72,3.75,3.96,2.043730371565755
2019-10-25,1.83,1.63,1.63,1.62,1.8,2.29,1.75,3.75,3.89,2.043730371565755
2019-10-26,1.83,1.63,1.63,1.62,1.8,2.29,1.75,3.75,3.89,2.043730371565755
2019-10-27,1.83,1.63,1.63,1.62,1.8,2.29,1.75,3.75,3.89,2.043730371565755
2019-10-28,1.83,1.62,1.64,1.66,1.85,2.34,1.75,3.75,3.85,2.043730371565755
2019-10-29,1.82,1.6,1.64,1.66,1.84,2.33,1.71,3.75,3.86,2.043730371565755
2019-10-30,1.82,1.59,1.61,1.61,1.78,2.26,1.67,3.75,3.96,2.043730371565755
2019-10-31,1.58,1.51,1.52,1.51,1.69,2.17,1.64,3.78,4.15,2.043730371565755
2019-11-01,1.57,1.49,1.56,1.55,1.73,2.21,1.68,3.78,4.09,2.043730371565755
2019-11-02,1.57,1.49,1.56,1.55,1.73,2.21,1.68,3.78,4.09,2.261448832244839
2019-11-03,1.57,1.49,1.56,1.55,1.73,2.21,1.68,3.78,4.09,2.261448832244839
2019-11-04,1.56,1.5,1.6,1.6,1.79,2.27,1.72,3.78,3.99,2.261448832244839
2019-11-05,1.56,1.53,1.63,1.66,1.86,2.34,1.78,3.78,3.97,2.261448832244839
2019-11-06,1.55,1.53,1.61,1.63,1.81,2.3,1.75,3.78,4.02,2.261448832244839
2019-11-07,1.55,1.53,1.68,1.74,1.92,2.4,1.77,3.69,3.96,2.261448832244839
2019-11-08,1.55,1.52,1.68,1.74,1.94,2.43,1.79,3.69,4.0,2.261448832244839
2019-11-09,1.55,1.52,1.68,1.74,1.94,2.43,1.79,3.69,4.0,2.261448832244839
2019-11-10,1.55,1.52,1.68,1.74,1.94,2.43,1.79,3.69,4.0,2.261448832244839
2019-11-11,1.55,1.52,1.68,1.74,1.94,2.43,1.79,3.69,3.99,2.261448832244839
2019-11-12,1.55,1.56,1.66,1.73,1.92,2.39,1.8,3.69,4.0,2.261448832244839
2019-11-13,1.55,1.54,1.63,1.69,1.88,2.36,1.74,3.69,4.05,2.261448832244839
2019-11-14,1.55,1.54,1.58,1.63,1.82,2.31,1.7,3.75,4.08,2.261448832244839
2019-11-15,1.55,1.54,1.61,1.65,1.84,2.31,1.74,3.75,4.06,2.261448832244839
2019-11-16,1.55,1.54,1.61,1.65,1.84,2.31,1.74,3.75,4.06,2.261448832244839
2019-11-17,1.55,1.54,1.61,1.65,1.84,2.31,1.74,3.75,4.06,2.261448832244839
2019-11-18,1.55,1.54,1.6,1.63,1.81,2.3,1.72,3.75,4.09,2.261448832244839
2019-11-19,1.55,1.54,1.6,1.63,1.79,2.26,1.73,3.75,4.12,2.261448832244839
2019-11-20,1.55,1.54,1.56,1.58,1.73,2.2,1.69,3.75,4.18,2.261448832244839
2019-11-21,1.55,1.55,1.6,1.62,1.77,2.24,1.73,3.66,4.17,2.261448832244839
2019-11-22,1.55,1.55,1.61,1.62,1.77,2.22,1.71,3.66,4.13,2.261448832244839
2019-11-23,1.55,1.55,1.61,1.62,1.77,2.22,1.71,3.66,4.13,2.261448832244839
2019-11-24,1.55,1.55,1.61,1.62,1.77,2.22,1.71,3.66,4.13,2.261448832244839
2019-11-25,1.55,1.58,1.61,1.62,1.76,2.21,1.71,3.66,4.08,2.261448832244839
2019-11-26,1.55,1.57,1.58,1.58,1.74,2.18,1.72,3.66,4.05,2.261448832244839
2019-11-27,1.55,1.59,1.63,1.63,1.77,2.19,1.72,3.68,3.99,2.261448832244839
2019-11-28,1.55,1.59,1.63,1.63,1.77,2.19,1.72,3.68,3.99,2.261448832244839
2019-11-29,1.56,1.56,1.61,1.62,1.78,2.21,1.72,3.68,4.01,2.261448832244839
2019-11-30,1.56,1.56,1.61,1.62,1.78,2.21,1.72,3.68,4.02,2.261448832244839
2019-12-01,1.56,1.56,1.61,1.62,1.78,2.21,1.72,3.68,4.02,2.261448832244839
2019-12-02,1.56,1.57,1.61,1.65,1.83,2.28,1.76,3.68,4.03,2.474241505936048
2019-12-03,1.55,1.54,1.53,1.54,1.72,2.17,1.75,3.68,4.14,2.474241505936048
2019-12-04,1.55,1.52,1.58,1.6,1.77,2.22,1.78,3.68,4.02,2.474241505936048
2019-12-05,1.55,1.51,1.58,1.62,1.8,2.24,1.79,3.68,4.0,2.474241505936048
2019-12-06,1.55,1.5,1.61,1.67,1.84,2.29,1.79,3.68,3.89,2.474241505936048
2019-12-07,1.55,1.5,1.61,1.67,1.84,2.29,1.79,3.68,3.89,2.474241505936048
2019-12-08,1.55,1.5,1.61,1.67,1.84,2.29,1.79,3.68,3.89,2.474241505936048
2019-12-09,1.55,1.51,1.63,1.67,1.83,2.27,1.79,3.68,3.88,2.474241505936048
2019-12-10,1.55,1.53,1.65,1.68,1.85,2.26,1.83,3.68,3.84,2.474241505936048
2019-12-11,1.55,1.54,1.61,1.64,1.79,2.23,1.78,3.68,3.83,2.474241505936048
2019-12-12,1.55,1.53,1.66,1.73,1.9,2.32,1.82,3.73,3.7,2.474241505936048
2019-12-13,1.55,1.54,1.61,1.66,1.82,2.26,1.78,3.73,3.71,2.474241505936048
2019-12-14,1.55,1.54,1.61,1.66,1.82,2.26,1.78,3.73,3.71,2.474241505936048
2019-12-15,1.55,1.54,1.61,1.66,1.82,2.26,1.78,3.73,3.71,2.474241505936048
2019-12-16,1.56,1.54,1.65,1.72,1.89,2.3,1.82,3.73,3.62,2.474241505936048
2019-12-17,1.55,1.53,1.63,1.71,1.89,2.31,1.85,3.73,3.58,2.474241505936048
2019-12-18,1.55,1.53,1.63,1.74,1.92,2.35,1.84,3.73,3.51,2.474241505936048
2019-12-19,1.55,1.54,1.62,1.73,1.92,2.35,1.86,3.73,3.54,2.474241505936048
2019-12-20,1.55,1.55,1.63,1.73,1.92,2.34,1.87,3.73,3.53,2.474241505936048
2019-12-21,1.55,1.55,1.63,1.73,1.92,2.34,1.87,3.73,3.53,2.474241505936048
2019-12-22,1.55,1.55,1.63,1.73,1.92,2.34,1.87,3.73,3.53,2.474241505936048
2019-12-23,1.55,1.56,1.64,1.75,1.93,2.35,1.83,3.73,3.52,2.474241505936048
2019-12-24,1.55,1.55,1.62,1.72,1.9,2.33,1.83,3.73,3.53,2.474241505936048
2019-12-25,1.55,1.55,1.62,1.72,1.9,2.33,1.83,3.73,3.53,2.474241505936048
2019-12-26,1.55,1.55,1.64,1.72,1.9,2.33,1.82,3.74,3.53,2.474241505936048
2019-12-27,1.55,1.54,1.59,1.68,1.88,2.32,1.82,3.74,3.56,2.474241505936048
2019-12-28,1.55,1.54,1.59,1.68,1.88,2.32,1.82,3.74,3.56,2.474241505936048
2019-12-29,1.55,1.54,1.59,1.68,1.88,2.32,1.82,3.74,3.56,2.474241505936048
2019-12-30,1.55,1.54,1.58,1.68,1.9,2.34,1.84,3.74,3.6,2.474241505936048
2019-12-31,1.55,1.52,1.58,1.69,1.92,2.39,1.86,3.74,3.6,2.474241505936048
2020-01-01,1.55,1.52,1.58,1.69,1.92,2.39,1.86,3.74,3.6,2.474241505936048
2020-01-02,1.55,1.51,1.58,1.67,1.88,2.33,1.88,3.72,3.56,2.3145128454474806
2020-01-03,1.55,1.49,1.53,1.59,1.8,2.26,1.85,3.72,3.61,2.3145128454474806
2020-01-04,1.55,1.49,1.53,1.59,1.8,2.26,1.85,3.72,3.61,2.3145128454474806
2020-01-05,1.55,1.49,1.53,1.59,1.8,2.26,1.85,3.72,3.61,2.3145128454474806
2020-01-06,1.55,1.53,1.54,1.61,1.81,2.28,1.81,3.72,3.57,2.3145128454474806
2020-01-07,1.55,1.51,1.54,1.62,1.83,2.31,1.81,3.72,3.54,2.3145128454474806
2020-01-08,1.55,1.51,1.58,1.67,1.87,2.35,1.82,3.72,3.5,2.3145128454474806
2020-01-09,1.55,1.51,1.58,1.65,1.85,2.38,1.81,3.64,3.49,2.3145128454474806
2020-01-10,1.54,1.51,1.56,1.63,1.83,2.28,1.85,3.64,3.48,2.3145128454474806
2020-01-11,1.54,1.51,1.56,1.63,1.83,2.28,1.85,3.64,3.48,2.3145128454474806
2020-01-12,1.54,1.51,1.56,1.63,1.83,2.28,1.85,3.64,3.48,2.3145128454474806
2020-01-13,1.54,1.54,1.58,1.65,1.85,2.3,1.84,3.64,3.48,2.3145128454474806
2020-01-14,1.54,1.54,1.58,1.63,1.82,2.27,1.84,3.64,3.45,2.3145128454474806
2020-01-15,1.54,1.54,1.56,1.6,1.79,2.23,1.83,3.64,3.44,2.3145128454474806
2020-01-16,1.54,1.52,1.58,1.63,1.81,2.26,1.8,3.65,3.42,2.3145128454474806
2020-01-17,1.55,1.53,1.58,1.63,1.84,2.29,1.82,3.65,3.39,2.3145128454474806
2020-01-18,1.55,1.53,1.58,1.63,1.84,2.29,1.82,3.65,3.39,2.3145128454474806
2020-01-19,1.55,1.53,1.58,1.63,1.84,2.29,1.82,3.65,3.39,2.3145128454474806
2020-01-20,1.55,1.53,1.58,1.63,1.84,2.29,1.82,3.65,3.38,2.3145128454474806
2020-01-21,1.55,1.53,1.53,1.57,1.78,2.23,1.82,3.65,3.47,2.3145128454474806
2020-01-22,1.55,1.52,1.53,1.57,1.77,2.22,1.8,3.65,3.49,2.3145128454474806
2020-01-23,1.55,1.52,1.51,1.55,1.74,2.18,1.76,3.6,3.58,2.3145128454474806
2020-01-24,1.55,1.51,1.49,1.51,1.7,2.14,1.74,3.6,3.68,2.3145128454474806
2020-01-25,1.55,1.51,1.49,1.51,1.7,2.14,1.74,3.6,3.68,2.3145128454474806
2020-01-26,1.55,1.51,1.49,1.51,1.7,2.14,1.74,3.6,3.68,2.3145128454474806
2020-01-27,1.55,1.52,1.44,1.44,1.61,2.05,1.7,3.6,4.03,2.3145128454474806
2020-01-28,1.55,1.54,1.45,1.47,1.65,2.1,1.71,3.6,3.86,2.3145128454474806
2020-01-29,1.55,1.53,1.42,1.41,1.6,2.05,1.7,3.6,3.83,2.3145128454474806
2020-01-30,1.6,1.54,1.41,1.39,1.57,2.04,1.69,3.51,3.95,2.3145128454474806
2020-01-31,1.59,1.52,1.33,1.32,1.51,1.99,1.7,3.51,4.03,2.3145128454474806
2020-02-01,1.59,1.52,1.33,1.32,1.51,1.99,1.7,3.51,4.03,2.3145128454474806
2020-02-02,1.59,1.52,1.33,1.32,1.51,1.99,1.7,3.51,4.03,1.5117235300829757
2020-02-03,1.59,1.54,1.36,1.35,1.54,2.01,1.7,3.51,3.97,1.5117235300829757
2020-02-04,1.59,1.54,1.41,1.42,1.61,2.08,1.7,3.51,3.85,1.5117235300829757
2020-02-05,1.59,1.54,1.44,1.46,1.66,2.14,1.71,3.51,3.75,1.5117235300829757
2020-02-06,1.59,1.54,1.44,1.45,1.65,2.11,1.73,3.45,3.7,1.5117235300829757
2020-02-07,1.58,1.53,1.41,1.41,1.59,2.05,1.71,3.45,3.75,1.5117235300829757
2020-02-08,1.58,1.53,1.41,1.41,1.59,2.05,1.71,3.45,3.75,1.5117235300829757
2020-02-09,1.58,1.53,1.41,1.41,1.59,2.05,1.71,3.45,3.75,1.5117235300829757
2020-02-10,1.58,1.55,1.37,1.38,1.56,2.03,1.7,3.45,3.75,1.5117235300829757
2020-02-11,1.58,1.54,1.41,1.4,1.59,2.05,1.7,3.45,3.65,1.5117235300829757
2020-02-12,1.58,1.55,1.44,1.45,1.62,2.09,1.68,3.45,3.59,1.5117235300829757
2020-02-13,1.58,1.56,1.44,1.43,1.61,2.07,1.69,3.47,3.57,1.5117235300829757
2020-02-14,1.58,1.55,1.42,1.42,1.59,2.04,1.68,3.47,3.56,1.5117235300829757
2020-02-15,1.58,1.55,1.42,1.42,1.59,2.04,1.68,3.47,3.56,1.5117235300829757
2020-02-16,1.58,1.55,1.42,1.42,1.59,2.04,1.68,3.47,3.56,1.5117235300829757
2020-02-17,1.58,1.55,1.42,1.42,1.59,2.04,1.68,3.47,3.56,1.5117235300829757
2020-02-18,1.59,1.55,1.41,1.39,1.55,2.0,1.66,3.47,3.61,1.5117235300829757
2020-02-19,1.59,1.55,1.42,1.41,1.56,2.01,1.65,3.47,3.57,1.5117235300829757
2020-02-20,1.59,1.55,1.39,1.37,1.52,1.97,1.63,3.49,3.62,1.5117235300829757
2020-02-21,1.58,1.53,1.34,1.3,1.46,1.9,1.62,3.49,3.66,1.5117235300829757
2020-02-22,1.58,1.53,1.34,1.3,1.46,1.9,1.62,3.49,3.66,1.5117235300829757
2020-02-23,1.58,1.53,1.34,1.3,1.46,1.9,1.62,3.49,3.66,1.5117235300829757
2020-02-24,1.58,1.5,1.26,1.21,1.38,1.84,1.61,3.49,4.03,1.5117235300829757
2020-02-25,1.58,1.5,1.2,1.16,1.33,1.8,1.54,3.49,4.18,1.5117235300829757
2020-02-26,1.58,1.5,1.16,1.14,1.33,1.81,1.58,3.49,4.27,1.5117235300829757
2020-02-27,1.58,1.42,1.11,1.11,1.3,1.79,1.58,3.45,4.62,1.5117235300829757
2020-02-28,1.58,1.25,0.86,0.89,1.13,1.65,1.49,3.45,5.04,1.5117235300829757
2020-02-29,1.58,1.25,0.86,0.89,1.13,1.65,1.49,3.45,5.06,1.5117235300829757
2020-03-01,1.58,1.25,0.86,0.89,1.13,1.65,1.49,3.45,5.06,1.5117235300829757
2020-03-02,1.59,1.1,0.84,0.88,1.1,1.66,1.5,3.45,4.97,0.3391742321581015
2020-03-03,1.59,0.93,0.71,0.77,1.02,1.64,1.56,3.45,4.84,0.3391742321581015
2020-03-04,1.09,0.71,0.67,0.75,1.02,1.67,1.58,3.45,4.75,0.3391742321581015
2020-03-05,1.09,0.61,0.59,0.67,0.92,1.56,1.52,3.29,5.05,0.3391742321581015
2020-03-06,1.09,0.45,0.49,0.58,0.74,1.25,1.48,3.29,5.64,0.3391742321581015
2020-03-07,1.09,0.45,0.49,0.58,0.74,1.25,1.48,3.29,5.64,0.3391742321581015
2020-03-08,1.09,0.45,0.49,0.58,0.74,1.25,1.48,3.29,5.64,0.3391742321581015
2020-03-09,1.09,0.32,0.38,0.46,0.54,0.99,1.18,3.29,6.68,0.3391742321581015
2020-03-10,1.09,0.43,0.5,0.63,0.76,1.28,1.23,3.29,6.38,0.3391742321581015
2020-03-11,1.09,0.41,0.5,0.66,0.82,1.3,1.23,3.29,6.61,0.3391742321581015
2020-03-12,1.1,0.33,0.5,0.66,0.88,1.49,1.21,3.36,7.42,0.3391742321581015
2020-03-13,1.1,0.27,0.49,0.7,0.94,1.56,1.27,3.36,7.31,0.3391742321581015
2020-03-14,1.1,0.27,0.49,0.7,0.94,1.56,1.27,3.36,7.31,0.3391742321581015
2020-03-15,1.1,0.27,0.49,0.7,0.94,1.56,1.27,3.36,7.31,0.3391742321581015
2020-03-16,0.25,0.24,0.36,0.49,0.73,1.34,1.16,3.36,8.38,0.3391742321581015
2020-03-17,0.25,0.19,0.47,0.66,1.02,1.63,1.1,3.36,8.41,0.3391742321581015
2020-03-18,0.25,0.02,0.54,0.79,1.18,1.77,1.1,3.36,9.04,0.3391742321581015
2020-03-19,0.2,0.04,0.44,0.66,1.12,1.78,0.86,3.65,9.82,0.3391742321581015
2020-03-20,0.15,0.05,0.37,0.52,0.92,1.55,1.19,3.65,10.09,0.3391742321581015
2020-03-21,0.15,0.05,0.37,0.52,0.92,1.55,1.19,3.65,10.09,0.3391742321581015
2020-03-22,0.15,0.05,0.37,0.52,0.92,1.55,1.19,3.65,10.09,0.3391742321581015
2020-03-23,0.15,0.02,0.28,0.38,0.76,1.33,1.23,3.65,10.87,0.3391742321581015
2020-03-24,0.12,0.01,0.38,0.52,0.84,1.39,1.39,3.65,10.55,0.3391742321581015
2020-03-25,0.1,-0.04,0.34,0.56,0.88,1.45,1.45,3.65,10.11,0.3391742321581015
2020-03-26,0.1,-0.05,0.3,0.51,0.83,1.42,1.42,3.5,9.29,0.3391742321581015
2020-03-27,0.1,0.03,0.25,0.41,0.72,1.29,1.34,3.5,8.99,0.3391742321581015
2020-03-28,0.1,0.03,0.25,0.41,0.72,1.29,1.34,3.5,8.99,0.3391742321581015
2020-03-29,0.1,0.03,0.25,0.41,0.72,1.29,1.34,3.5,8.99,0.3391742321581015
2020-03-30,0.09,0.12,0.23,0.39,0.7,1.31,1.33,3.5,8.82,0.3391742321581015
2020-03-31,0.08,0.11,0.23,0.37,0.7,1.35,1.25,3.5,8.77,0.3391742321581015
2020-04-01,0.06,0.09,0.23,0.37,0.62,1.27,1.26,3.5,9.11,0.3391742321581015
2020-04-02,0.05,0.09,0.23,0.39,0.63,1.26,1.33,3.33,9.17,0.22359625799326377
2020-04-03,0.05,0.1,0.23,0.39,0.62,1.24,1.38,3.33,9.43,0.22359625799326377
2020-04-04,0.05,0.1,0.23,0.39,0.62,1.24,1.38,3.33,9.43,0.22359625799326377
2020-04-05,0.05,0.1,0.23,0.39,0.62,1.24,1.38,3.33,9.43,0.22359625799326377
2020-04-06,0.05,0.15,0.27,0.44,0.67,1.27,1.43,3.33,9.26,0.22359625799326377
2020-04-07,0.05,0.14,0.28,0.48,0.75,1.32,1.48,3.33,8.88,0.22359625799326377
2020-04-08,0.05,0.22,0.27,0.47,0.77,1.37,1.51,3.33,8.81,0.22359625799326377
2020-04-09,0.05,0.25,0.23,0.41,0.73,1.35,1.56,3.33,7.96,0.22359625799326377
2020-04-10,0.05,0.25,0.23,0.41,0.73,1.35,1.56,3.33,7.96,0.22359625799326377
2020-04-11,0.05,0.25,0.23,0.41,0.73,1.35,1.56,3.33,7.96,0.22359625799326377
2020-04-12,0.05,0.25,0.23,0.41,0.73,1.35,1.56,3.33,7.96,0.22359625799326377
2020-04-13,0.05,0.26,0.25,0.44,0.76,1.39,1.58,3.33,7.7,0.22359625799326377
2020-04-14,0.05,0.2,0.23,0.42,0.76,1.41,1.64,3.33,7.35,0.22359625799326377
2020-04-15,0.05,0.14,0.2,0.34,0.63,1.27,1.51,3.33,7.64,0.22359625799326377
2020-04-16,0.05,0.14,0.2,0.35,0.61,1.21,1.36,3.31,7.58,0.22359625799326377
2020-04-17,0.05,0.12,0.2,0.36,0.65,1.27,1.35,3.31,7.31,0.22359625799326377
2020-04-18,0.05,0.12,0.2,0.36,0.65,1.27,1.35,3.31,7.31,0.22359625799326377
2020-04-19,0.05,0.12,0.2,0.36,0.65,1.27,1.35,3.31,7.31,0.22359625799326377
2020-04-20,0.05,0.12,0.2,0.35,0.63,1.23,1.32,3.31,7.52,0.22359625799326377
2020-04-21,0.05,0.11,0.2,0.34,0.58,1.17,1.34,3.31,7.9,0.22359625799326377
2020-04-22,0.05,0.12,0.22,0.37,0.63,1.22,1.43,3.31,7.85,0.22359625799326377
2020-04-23,0.04,0.11,0.22,0.37,0.61,1.18,1.43,3.33,7.87,0.22359625799326377
2020-04-24,0.05,0.12,0.22,0.36,0.6,1.17,1.5,3.33,8.03,0.22359625799326377
2020-04-25,0.05,0.12,0.22,0.36,0.6,1.17,1.5,3.33,8.03,0.22359625799326377
2020-04-26,0.05,0.12,0.22,0.36,0.6,1.17,1.5,3.33,8.03,0.22359625799326377
2020-04-27,0.04,0.12,0.24,0.41,0.67,1.25,1.56,3.33,8.01,0.22359625799326377
2020-04-28,0.04,0.11,0.2,0.37,0.62,1.2,1.52,3.33,8.02,0.22359625799326377
2020-04-29,0.04,0.1,0.2,0.36,0.63,1.24,1.5,3.33,7.87,0.22359625799326377
2020-04-30,0.05,0.09,0.2,0.36,0.64,1.28,1.42,3.23,7.63,0.22359625799326377
2020-05-01,0.05,0.12,0.2,0.36,0.64,1.27,1.44,3.23,7.7,0.22359625799326377
2020-05-02,0.05,0.12,0.2,0.36,0.64,1.27,1.44,3.23,7.7,0.7278122956820621
2020-05-03,0.05,0.12,0.2,0.36,0.64,1.27,1.44,3.23,7.7,0.7278122956820621
2020-05-04,0.05,0.13,0.19,0.36,0.64,1.29,1.45,3.23,7.79,0.7278122956820621
2020-05-05,0.05,0.13,0.19,0.36,0.66,1.32,1.49,3.23,7.6,0.7278122956820621
2020-05-06,0.05,0.12,0.17,0.37,0.72,1.41,1.49,3.23,7.6,0.7278122956820621
2020-05-07,0.05,0.11,0.13,0.29,0.63,1.31,1.46,3.26,7.6,0.7278122956820621
2020-05-08,0.05,0.12,0.16,0.33,0.69,1.39,1.5,3.26,7.52,0.7278122956820621
2020-05-09,0.05,0.12,0.16,0.33,0.69,1.39,1.5,3.26,7.52,0.7278122956820621
2020-05-10,0.05,0.12,0.16,0.33,0.69,1.39,1.5,3.26,7.52,0.7278122956820621
2020-05-11,0.05,0.12,0.17,0.36,0.73,1.43,1.51,3.26,7.51,0.7278122956820621
2020-05-12,0.05,0.13,0.17,0.34,0.69,1.38,1.46,3.26,7.42,0.7278122956820621
2020-05-13,0.05,0.13,0.16,0.31,0.64,1.35,1.43,3.26,7.61,0.7278122956820621
2020-05-14,0.05,0.12,0.16,0.31,0.63,1.3,1.41,3.28,7.77,0.7278122956820621
2020-05-15,0.05,0.12,0.16,0.31,0.64,1.32,1.43,3.28,7.78,0.7278122956820621
2020-05-16,0.05,0.12,0.16,0.31,0.64,1.32,1.43,3.28,7.78,0.7278122956820621
2020-05-17,0.05,0.12,0.16,0.31,0.64,1.32,1.43,3.28,7.78,0.7278122956820621
2020-05-18,0.05,0.13,0.18,0.38,0.73,1.44,1.5,3.28,7.41,0.7278122956820621
2020-05-19,0.05,0.13,0.17,0.35,0.7,1.43,1.48,3.28,7.35,0.7278122956820621
2020-05-20,0.05,0.12,0.16,0.34,0.68,1.4,1.49,3.28,7.16,0.7278122956820621
2020-05-21,0.05,0.12,0.17,0.35,0.68,1.4,1.47,3.24,7.08,0.7278122956820621
2020-05-22,0.05,0.12,0.17,0.34,0.66,1.37,1.44,3.24,7.06,0.7278122956820621
2020-05-23,0.05,0.12,0.17,0.34,0.66,1.37,1.44,3.24,7.06,0.7278122956820621
2020-05-24,0.05,0.12,0.17,0.34,0.66,1.37,1.44,3.24,7.06,0.7278122956820621
2020-05-25,0.05,0.12,0.17,0.34,0.66,1.37,1.44,3.24,7.06,0.7278122956820621
2020-05-26,0.05,0.14,0.18,0.35,0.69,1.43,1.44,3.24,6.75,0.7278122956820621
2020-05-27,0.05,0.15,0.19,0.34,0.68,1.44,1.46,3.24,6.7,0.7278122956820621
2020-05-28,0.05,0.15,0.17,0.34,0.7,1.47,1.5,3.15,6.6,0.7278122956820621
2020-05-29,0.05,0.14,0.16,0.3,0.65,1.41,1.47,3.15,6.71,0.7278122956820621
2020-05-30,0.05,0.14,0.16,0.3,0.65,1.41,1.47,3.15,6.71,0.7278122956820621
2020-05-31,0.05,0.14,0.16,0.3,0.65,1.41,1.47,3.15,6.54,0.7278122956820621
2020-06-01,0.05,0.14,0.14,0.31,0.66,1.46,1.52,3.15,6.43,0.7278122956820621
2020-06-02,0.06,0.15,0.17,0.32,0.68,1.48,1.52,3.15,6.18,1.0467910520660206
2020-06-03,0.06,0.16,0.19,0.38,0.77,1.56,1.54,3.15,5.8,1.0467910520660206
2020-06-04,0.06,0.15,0.19,0.4,0.82,1.61,1.56,3.18,5.83,1.0467910520660206
2020-06-05,0.07,0.15,0.22,0.47,0.91,1.68,1.59,3.18,5.5,1.0467910520660206
2020-06-06,0.07,0.15,0.22,0.47,0.91,1.68,1.59,3.18,5.5,1.0467910520660206
2020-06-07,0.07,0.15,0.22,0.47,0.91,1.68,1.59,3.18,5.5,1.0467910520660206
2020-06-08,0.07,0.17,0.22,0.45,0.88,1.65,1.58,3.18,5.51,1.0467910520660206
2020-06-09,0.07,0.19,0.2,0.4,0.84,1.59,1.54,3.18,5.75,1.0467910520660206
2020-06-10,0.08,0.17,0.17,0.33,0.75,1.53,1.54,3.18,5.92,1.0467910520660206
2020-06-11,0.08,0.17,0.19,0.32,0.66,1.41,1.47,3.21,6.4,1.0467910520660206
2020-06-12,0.08,0.16,0.19,0.33,0.71,1.45,1.47,3.21,6.28,1.0467910520660206
2020-06-13,0.08,0.16,0.19,0.33,0.71,1.45,1.47,3.21,6.28,1.0467910520660206
2020-06-14,0.08,0.16,0.19,0.33,0.71,1.45,1.47,3.21,6.28,1.0467910520660206
2020-06-15,0.09,0.18,0.19,0.33,0.71,1.45,1.48,3.21,6.25,1.0467910520660206
2020-06-16,0.09,0.17,0.21,0.34,0.75,1.54,1.52,3.21,5.78,1.0467910520660206
2020-06-17,0.09,0.17,0.19,0.34,0.74,1.52,1.51,3.21,5.85,1.0467910520660206
2020-06-18,0.09,0.16,0.19,0.34,0.71,1.47,1.44,3.13,6.01,1.0467910520660206
2020-06-19,0.09,0.15,0.19,0.33,0.7,1.47,1.54,3.13,6.02,1.0467910520660206
2020-06-20,0.09,0.15,0.19,0.33,0.7,1.47,1.54,3.13,6.02,1.0467910520660206
2020-06-21,0.09,0.15,0.19,0.33,0.7,1.47,1.54,3.13,6.02,1.0467910520660206
2020-06-22,0.08,0.16,0.19,0.34,0.71,1.46,1.57,3.13,6.03,1.0467910520660206
2020-06-23,0.08,0.16,0.18,0.33,0.72,1.49,1.62,3.13,6.02,1.0467910520660206
2020-06-24,0.08,0.15,0.19,0.33,0.69,1.44,1.56,3.13,6.23,1.0467910520660206
2020-06-25,0.08,0.16,0.17,0.32,0.68,1.43,1.55,3.13,6.3,1.0467910520660206
2020-06-26,0.08,0.14,0.17,0.3,0.64,1.37,1.53,3.13,6.41,1.0467910520660206
2020-06-27,0.08,0.14,0.17,0.3,0.64,1.37,1.53,3.13,6.41,1.0467910520660206
2020-06-28,0.08,0.14,0.17,0.3,0.64,1.37,1.53,3.13,6.41,1.0467910520660206
2020-06-29,0.08,0.14,0.16,0.28,0.64,1.39,1.54,3.13,6.52,1.0467910520660206
2020-06-30,0.08,0.16,0.16,0.29,0.66,1.41,1.52,3.13,6.44,1.0467910520660206
2020-07-01,0.08,0.14,0.17,0.31,0.69,1.43,1.57,3.13,6.33,1.0467910520660206
2020-07-02,0.09,0.14,0.16,0.29,0.68,1.43,1.61,3.07,6.17,1.3247799842260433
2020-07-03,0.09,0.14,0.16,0.29,0.68,1.43,1.61,3.07,6.17,1.3247799842260433
2020-07-04,0.09,0.14,0.16,0.29,0.68,1.43,1.61,3.07,6.17,1.3247799842260433
2020-07-05,0.09,0.14,0.16,0.29,0.68,1.43,1.61,3.07,6.17,1.3247799842260433
2020-07-06,0.09,0.15,0.16,0.31,0.69,1.45,1.62,3.07,6.03,1.3247799842260433
2020-07-07,0.09,0.15,0.16,0.29,0.65,1.38,1.6,3.07,6.04,1.3247799842260433
2020-07-08,0.09,0.15,0.16,0.3,0.67,1.39,1.59,3.07,6.06,1.3247799842260433
2020-07-09,0.09,0.13,0.16,0.28,0.62,1.32,1.56,3.03,6.14,1.3247799842260433
2020-07-10,0.09,0.13,0.16,0.3,0.65,1.33,1.57,3.03,6.14,1.3247799842260433
2020-07-11,0.09,0.13,0.16,0.3,0.65,1.33,1.57,3.03,6.14,1.3247799842260433
2020-07-12,0.09,0.13,0.16,0.3,0.65,1.33,1.57,3.03,6.14,1.3247799842260433
2020-07-13,0.09,0.14,0.16,0.3,0.64,1.33,1.57,3.03,6.01,1.3247799842260433
2020-07-14,0.09,0.15,0.14,0.28,0.63,1.3,1.55,3.03,6.03,1.3247799842260433
2020-07-15,0.1,0.16,0.16,0.28,0.64,1.33,1.54,3.03,5.81,1.3247799842260433
2020-07-16,0.1,0.11,0.16,0.28,0.62,1.31,1.52,2.98,5.76,1.3247799842260433
2020-07-17,0.09,0.11,0.14,0.29,0.64,1.33,1.57,2.98,5.74,1.3247799842260433
2020-07-18,0.09,0.11,0.14,0.29,0.64,1.33,1.57,2.98,5.74,1.3247799842260433
2020-07-19,0.09,0.11,0.14,0.29,0.64,1.33,1.57,2.98,5.74,1.3247799842260433
2020-07-20,0.1,0.13,0.16,0.29,0.62,1.32,1.55,2.98,5.54,1.3247799842260433
2020-07-21,0.1,0.13,0.14,0.27,0.61,1.31,1.56,2.98,5.33,1.3247799842260433
2020-07-22,0.09,0.13,0.14,0.27,0.6,1.29,1.56,2.98,5.28,1.3247799842260433
2020-07-23,0.09,0.12,0.16,0.27,0.59,1.24,1.61,3.01,5.26,1.3247799842260433
2020-07-24,0.09,0.11,0.14,0.27,0.59,1.23,1.67,3.01,5.29,1.3247799842260433
2020-07-25,0.09,0.11,0.14,0.27,0.59,1.23,1.67,3.01,5.29,1.3247799842260433
2020-07-26,0.09,0.11,0.14,0.27,0.59,1.23,1.67,3.01,5.29,1.3247799842260433
2020-07-27,0.1,0.11,0.15,0.3,0.62,1.25,1.66,3.01,5.24,1.3247799842260433
2020-07-28,0.1,0.11,0.14,0.26,0.59,1.22,1.66,3.01,5.27,1.3247799842260433
2020-07-29,0.1,0.11,0.12,0.25,0.58,1.24,1.68,3.01,5.15,1.3247799842260433
2020-07-30,0.1,0.09,0.11,0.23,0.55,1.2,1.67,2.99,5.14,1.3247799842260433
2020-07-31,0.1,0.09,0.11,0.21,0.55,1.2,1.7,2.99,5.16,1.3247799842260433
2020-08-01,0.1,0.09,0.11,0.21,0.55,1.2,1.7,2.99,5.16,1.3247799842260433
2020-08-02,0.1,0.09,0.11,0.21,0.55,1.2,1.7,2.99,5.16,1.4099605507305268
2020-08-03,0.1,0.1,0.11,0.22,0.56,1.23,1.7,2.99,5.08,1.4099605507305268
2020-08-04,0.1,0.09,0.11,0.19,0.52,1.19,1.69,2.99,5.13,1.4099605507305268
2020-08-05,0.1,0.1,0.11,0.22,0.55,1.22,1.7,2.99,5.04,1.4099605507305268
2020-08-06,0.1,0.1,0.11,0.21,0.55,1.2,1.73,2.88,5.06,1.4099605507305268
2020-08-07,0.1,0.1,0.13,0.23,0.57,1.23,1.72,2.88,5.06,1.4099605507305268
2020-08-08,0.1,0.1,0.13,0.23,0.57,1.23,1.72,2.88,5.06,1.4099605507305268
2020-08-09,0.1,0.1,0.13,0.23,0.57,1.23,1.72,2.88,5.06,1.4099605507305268
2020-08-10,0.1,0.11,0.14,0.24,0.59,1.25,1.73,2.88,5.09,1.4099605507305268
2020-08-11,0.1,0.11,0.16,0.27,0.64,1.32,1.76,2.88,5.03,1.4099605507305268
2020-08-12,0.1,0.11,0.16,0.3,0.69,1.37,1.78,2.88,5.1,1.4099605507305268
2020-08-13,0.1,0.1,0.16,0.32,0.71,1.42,1.78,2.96,5.16,1.4099605507305268
2020-08-14,0.1,0.1,0.14,0.29,0.71,1.45,1.77,2.96,5.26,1.4099605507305268
2020-08-15,0.1,0.1,0.14,0.29,0.71,1.45,1.77,2.96,5.26,1.4099605507305268
2020-08-16,0.1,0.1,0.14,0.29,0.71,1.45,1.77,2.96,5.26,1.4099605507305268
2020-08-17,0.1,0.1,0.14,0.29,0.69,1.43,1.78,2.96,5.29,1.4099605507305268
2020-08-18,0.09,0.09,0.14,0.27,0.67,1.4,1.81,2.96,5.26,1.4099605507305268
2020-08-19,0.09,0.11,0.14,0.29,0.68,1.42,1.79,2.96,5.25,1.4099605507305268
2020-08-20,0.09,0.11,0.13,0.26,0.65,1.38,1.76,2.99,5.28,1.4099605507305268
2020-08-21,0.09,0.1,0.16,0.27,0.64,1.35,1.76,2.99,5.25,1.4099605507305268
2020-08-22,0.09,0.1,0.16,0.27,0.64,1.35,1.76,2.99,5.25,1.4099605507305268
2020-08-23,0.09,0.1,0.16,0.27,0.64,1.35,1.76,2.99,5.25,1.4099605507305268
2020-08-24,0.09,0.12,0.14,0.28,0.65,1.35,1.77,2.99,5.17,1.4099605507305268
2020-08-25,0.09,0.11,0.15,0.3,0.69,1.39,1.8,2.99,5.07,1.4099605507305268
2020-08-26,0.09,0.11,0.16,0.28,0.69,1.41,1.81,2.99,5.02,1.4099605507305268
2020-08-27,0.08,0.11,0.16,0.31,0.74,1.5,1.81,2.91,4.98,1.4099605507305268
2020-08-28,0.09,0.1,0.14,0.28,0.74,1.52,1.86,2.91,5.0,1.4099605507305268
2020-08-29,0.09,0.1,0.14,0.28,0.74,1.52,1.86,2.91,5.0,1.4099605507305268
2020-08-30,0.09,0.1,0.14,0.28,0.74,1.52,1.86,2.91,5.0,1.4099605507305268
2020-08-31,0.09,0.11,0.14,0.28,0.72,1.49,1.91,2.91,5.02,1.4099605507305268
2020-09-01,0.09,0.12,0.13,0.26,0.68,1.43,1.87,2.91,4.97,1.4099605507305268
2020-09-02,0.09,0.12,0.14,0.26,0.66,1.38,1.85,2.91,4.93,1.1946990329736895
2020-09-03,0.09,0.11,0.13,0.24,0.63,1.34,1.77,2.93,5.04,1.1946990329736895
2020-09-04,0.09,0.11,0.14,0.3,0.72,1.46,1.83,2.93,5.13,1.1946990329736895
2020-09-05,0.09,0.11,0.14,0.3,0.72,1.46,1.83,2.93,5.13,1.1946990329736895
2020-09-06,0.09,0.11,0.14,0.3,0.72,1.46,1.83,2.93,5.13,1.1946990329736895
2020-09-07,0.09,0.11,0.14,0.3,0.72,1.46,1.83,2.93,5.13,1.1946990329736895
2020-09-08,0.09,0.13,0.14,0.28,0.69,1.43,1.81,2.93,5.25,1.1946990329736895
2020-09-09,0.09,0.12,0.14,0.28,0.71,1.45,1.85,2.93,5.16,1.1946990329736895
2020-09-10,0.09,0.12,0.14,0.26,0.68,1.43,1.84,2.86,5.16,1.1946990329736895
2020-09-11,0.09,0.11,0.13,0.26,0.67,1.42,1.77,2.86,5.21,1.1946990329736895
2020-09-12,0.09,0.11,0.13,0.26,0.67,1.42,1.77,2.86,5.21,1.1946990329736895
2020-09-13,0.09,0.11,0.13,0.26,0.67,1.42,1.77,2.86,5.21,1.1946990329736895
2020-09-14,0.09,0.11,0.14,0.27,0.68,1.42,1.76,2.86,5.18,1.1946990329736895
2020-09-15,0.09,0.11,0.14,0.27,0.68,1.43,1.8,2.86,5.14,1.1946990329736895
2020-09-16,0.09,0.12,0.14,0.28,0.69,1.45,1.79,2.86,5.07,1.1946990329736895
2020-09-17,0.09,0.09,0.13,0.28,0.69,1.43,1.75,2.87,5.14,1.1946990329736895
2020-09-18,0.09,0.1,0.14,0.29,0.7,1.45,1.76,2.87,5.16,1.1946990329736895
2020-09-19,0.09,0.1,0.14,0.29,0.7,1.45,1.76,2.87,5.16,1.1946990329736895
2020-09-20,0.09,0.1,0.14,0.29,0.7,1.45,1.76,2.87,5.16,1.1946990329736895
2020-09-21,0.09,0.1,0.14,0.27,0.68,1.43,1.74,2.87,5.42,1.1946990329736895
2020-09-22,0.09,0.1,0.13,0.27,0.68,1.42,1.74,2.87,5.45,1.1946990329736895
2020-09-23,0.09,0.11,0.14,0.28,0.68,1.42,1.72,2.87,5.47,1.1946990329736895
2020-09-24,0.09,0.1,0.14,0.27,0.67,1.4,1.71,2.9,5.64,1.1946990329736895
2020-09-25,0.09,0.1,0.12,0.26,0.66,1.4,1.73,2.9,5.64,1.1946990329736895
2020-09-26,0.09,0.1,0.12,0.26,0.66,1.4,1.73,2.9,5.64,1.1946990329736895
2020-09-27,0.09,0.1,0.12,0.26,0.66,1.4,1.73,2.9,5.64,1.1946990329736895
2020-09-28,0.09,0.11,0.14,0.26,0.67,1.42,1.74,2.9,5.52,1.1946990329736895
2020-09-29,0.09,0.09,0.11,0.24,0.66,1.41,1.79,2.9,5.5,1.1946990329736895
2020-09-30,0.09,0.1,0.13,0.28,0.69,1.46,1.76,2.9,5.41,1.1946990329736895
2020-10-01,0.09,0.09,0.14,0.27,0.68,1.45,1.78,2.88,5.36,1.1946990329736895
2020-10-02,0.09,0.09,0.13,0.28,0.7,1.48,1.8,2.88,5.38,1.138808243762357
2020-10-03,0.09,0.09,0.13,0.28,0.7,1.48,1.8,2.88,5.38,1.138808243762357
2020-10-04,0.09,0.09,0.13,0.28,0.7,1.48,1.8,2.88,5.38,1.138808243762357
2020-10-05,0.09,0.1,0.14,0.33,0.78,1.57,1.84,2.88,5.18,1.138808243762357
2020-10-06,0.09,0.1,0.14,0.32,0.76,1.56,1.81,2.88,5.06,1.138808243762357
2020-10-07,0.09,0.1,0.16,0.35,0.81,1.6,1.88,2.88,5.02,1.138808243762357
2020-10-08,0.09,0.09,0.13,0.33,0.78,1.57,1.88,2.87,4.97,1.138808243762357
2020-10-09,0.09,0.1,0.16,0.34,0.79,1.58,1.9,2.87,4.92,1.138808243762357
2020-10-10,0.09,0.1,0.16,0.34,0.79,1.58,1.9,2.87,4.92,1.138808243762357
2020-10-11,0.09,0.1,0.16,0.34,0.79,1.58,1.9,2.87,4.92,1.138808243762357
2020-10-12,0.09,0.1,0.16,0.34,0.79,1.58,1.9,2.87,4.92,1.138808243762357
2020-10-13,0.09,0.11,0.16,0.31,0.74,1.52,1.88,2.87,4.88,1.138808243762357
2020-10-14,0.09,0.12,0.14,0.3,0.73,1.5,1.86,2.87,4.89,1.138808243762357
2020-10-15,0.09,0.11,0.14,0.32,0.74,1.52,1.86,2.81,5.01,1.138808243762357
2020-10-16,0.09,0.11,0.14,0.32,0.76,1.52,1.89,2.81,4.94,1.138808243762357
2020-10-17,0.09,0.11,0.14,0.32,0.76,1.52,1.89,2.81,4.94,1.138808243762357
2020-10-18,0.09,0.11,0.14,0.32,0.76,1.52,1.89,2.81,4.94,1.138808243762357
2020-10-19,0.09,0.11,0.16,0.34,0.78,1.55,1.89,2.81,4.91,1.138808243762357
2020-10-20,0.09,0.1,0.14,0.34,0.81,1.6,1.91,2.81,4.9,1.138808243762357
2020-10-21,0.09,0.1,0.14,0.36,0.83,1.62,1.92,2.81,4.91,1.138808243762357
2020-10-22,0.09,0.09,0.16,0.38,0.87,1.67,1.84,2.8,4.88,1.138808243762357
2020-10-23,0.09,0.1,0.18,0.37,0.85,1.64,1.84,2.8,4.87,1.138808243762357
2020-10-24,0.09,0.1,0.18,0.37,0.85,1.64,1.84,2.8,4.87,1.138808243762357
2020-10-25,0.09,0.1,0.18,0.37,0.85,1.64,1.84,2.8,4.87,1.138808243762357
2020-10-26,0.09,0.11,0.16,0.35,0.81,1.59,1.81,2.8,5.03,1.138808243762357
2020-10-27,0.09,0.1,0.16,0.34,0.79,1.57,1.78,2.8,5.06,1.138808243762357
2020-10-28,0.09,0.1,0.16,0.34,0.79,1.56,1.79,2.8,5.29,1.138808243762357
2020-10-29,0.09,0.09,0.16,0.38,0.85,1.62,1.81,2.81,5.25,1.138808243762357
2020-10-30,0.09,0.09,0.14,0.38,0.88,1.65,1.81,2.81,5.25,1.138808243762357
2020-10-31,0.09,0.09,0.14,0.38,0.88,1.65,1.81,2.81,5.32,1.138808243762357
2020-11-01,0.09,0.09,0.14,0.38,0.88,1.65,1.81,2.81,5.32,1.138808243762357
2020-11-02,0.09,0.09,0.16,0.38,0.87,1.63,1.82,2.81,5.25,1.3001398124731445
2020-11-03,0.09,0.1,0.17,0.39,0.9,1.66,1.82,2.81,5.07,1.3001398124731445
2020-11-04,0.09,0.1,0.14,0.33,0.78,1.55,1.72,2.81,4.79,1.3001398124731445
2020-11-05,0.09,0.1,0.14,0.33,0.79,1.54,1.77,2.78,4.59,1.3001398124731445
2020-11-06,0.09,0.1,0.16,0.36,0.83,1.6,1.76,2.78,4.67,1.3001398124731445
2020-11-07,0.09,0.1,0.16,0.36,0.83,1.6,1.76,2.78,4.67,1.3001398124731445
2020-11-08,0.09,0.1,0.16,0.36,0.83,1.6,1.76,2.78,4.67,1.3001398124731445
2020-11-09,0.09,0.11,0.17,0.44,0.96,1.73,1.83,2.78,4.22,1.3001398124731445
2020-11-10,0.09,0.1,0.19,0.46,0.98,1.75,1.83,2.78,4.37,1.3001398124731445
2020-11-11,0.09,0.1,0.19,0.46,0.98,1.75,1.83,2.78,4.37,1.3001398124731445
2020-11-12,0.09,0.1,0.17,0.4,0.88,1.64,1.79,2.84,4.62,1.3001398124731445
2020-11-13,0.09,0.09,0.17,0.41,0.89,1.65,1.8,2.84,4.63,1.3001398124731445
2020-11-14,0.09,0.09,0.17,0.41,0.89,1.65,1.8,2.84,4.63,1.3001398124731445
2020-11-15,0.09,0.09,0.17,0.41,0.89,1.65,1.8,2.84,4.63,1.3001398124731445
2020-11-16,0.09,0.09,0.19,0.41,0.91,1.66,1.8,2.84,4.5,1.3001398124731445
2020-11-17,0.09,0.09,0.18,0.39,0.87,1.62,1.77,2.84,4.48,1.3001398124731445
2020-11-18,0.09,0.09,0.16,0.4,0.88,1.62,1.77,2.84,4.42,1.3001398124731445
2020-11-19,0.08,0.07,0.18,0.39,0.86,1.58,1.78,2.72,4.48,1.3001398124731445
2020-11-20,0.08,0.07,0.16,0.38,0.83,1.53,1.77,2.72,4.49,1.3001398124731445
2020-11-21,0.08,0.07,0.16,0.38,0.83,1.53,1.77,2.72,4.49,1.3001398124731445
2020-11-22,0.08,0.07,0.16,0.38,0.83,1.53,1.77,2.72,4.49,1.3001398124731445
2020-11-23,0.08,0.08,0.16,0.39,0.86,1.56,1.8,2.72,4.43,1.3001398124731445
2020-11-24,0.08,0.09,0.16,0.39,0.88,1.6,1.83,2.72,4.31,1.3001398124731445
2020-11-25,0.08,0.09,0.17,0.39,0.88,1.62,1.83,2.72,4.33,1.3001398124731445
2020-11-26,0.08,0.09,0.17,0.39,0.88,1.62,1.83,2.72,4.33,1.3001398124731445
2020-11-27,0.08,0.09,0.16,0.37,0.84,1.57,1.83,2.72,4.35,1.3001398124731445
2020-11-28,0.08,0.09,0.16,0.37,0.84,1.57,1.83,2.72,4.35,1.3001398124731445
2020-11-29,0.08,0.09,0.16,0.37,0.84,1.57,1.83,2.72,4.35,1.3001398124731445
2020-11-30,0.09,0.08,0.16,0.36,0.84,1.58,1.86,2.72,4.33,1.3001398124731445
2020-12-01,0.09,0.09,0.17,0.42,0.92,1.66,1.9,2.72,4.21,1.3001398124731445
2020-12-02,0.09,0.09,0.16,0.42,0.95,1.7,1.94,2.72,4.17,1.3699953998461467
2020-12-03,0.09,0.08,0.16,0.4,0.92,1.67,1.94,2.71,4.1,1.3699953998461467
2020-12-04,0.09,0.09,0.16,0.42,0.97,1.73,1.95,2.71,4.03,1.3699953998461467
2020-12-05,0.09,0.09,0.16,0.42,0.97,1.73,1.95,2.71,4.03,1.3699953998461467
2020-12-06,0.09,0.09,0.16,0.42,0.97,1.73,1.95,2.71,4.03,1.3699953998461467
2020-12-07,0.09,0.08,0.14,0.4,0.94,1.69,1.92,2.71,4.03,1.3699953998461467
2020-12-08,0.09,0.09,0.14,0.39,0.92,1.67,1.94,2.71,4.03,1.3699953998461467
2020-12-09,0.09,0.08,0.16,0.41,0.95,1.69,1.98,2.71,4.04,1.3699953998461467
2020-12-10,0.09,0.08,0.14,0.39,0.92,1.65,1.93,2.71,4.08,1.3699953998461467
2020-12-11,0.09,0.08,0.11,0.37,0.9,1.63,1.92,2.71,4.13,1.3699953998461467
2020-12-12,0.09,0.08,0.11,0.37,0.9,1.63,1.92,2.71,4.13,1.3699953998461467
2020-12-13,0.09,0.08,0.11,0.37,0.9,1.63,1.92,2.71,4.13,1.3699953998461467
2020-12-14,0.09,0.09,0.13,0.37,0.9,1.63,1.92,2.71,4.07,1.3699953998461467
2020-12-15,0.09,0.08,0.11,0.37,0.92,1.65,1.96,2.71,4.06,1.3699953998461467
2020-12-16,0.09,0.09,0.13,0.37,0.92,1.66,1.94,2.71,4.06,1.3699953998461467
2020-12-17,0.09,0.08,0.13,0.38,0.94,1.68,1.98,2.67,4.05,1.3699953998461467
2020-12-18,0.09,0.08,0.13,0.39,0.95,1.7,1.98,2.67,4.03,1.3699953998461467
2020-12-19,0.09,0.08,0.13,0.39,0.95,1.7,1.98,2.67,4.03,1.3699953998461467
2020-12-20,0.09,0.08,0.13,0.39,0.95,1.7,1.98,2.67,4.03,1.3699953998461467
2020-12-21,0.09,0.09,0.13,0.39,0.95,1.68,2.0,2.67,4.18,1.3699953998461467
2020-12-22,0.09,0.09,0.13,0.37,0.93,1.65,1.96,2.67,4.12,1.3699953998461467
2020-12-23,0.09,0.09,0.13,0.38,0.96,1.7,2.01,2.67,4.07,1.3699953998461467
2020-12-24,0.09,0.09,0.13,0.37,0.94,1.66,2.02,2.66,4.05,1.3699953998461467
2020-12-25,0.09,0.09,0.13,0.37,0.94,1.66,2.02,2.66,4.05,1.3699953998461467
2020-12-26,0.09,0.09,0.13,0.37,0.94,1.66,2.02,2.66,4.05,1.3699953998461467
2020-12-27,0.09,0.09,0.13,0.37,0.94,1.66,2.02,2.66,4.05,1.3699953998461467
2020-12-28,0.09,0.11,0.13,0.38,0.94,1.67,2.02,2.66,3.89,1.3699953998461467
2020-12-29,0.09,0.1,0.12,0.37,0.94,1.67,2.02,2.66,3.85,1.3699953998461467
2020-12-30,0.09,0.08,0.12,0.37,0.93,1.66,2.0,2.66,3.87,1.3699953998461467
2020-12-31,0.09,0.09,0.13,0.36,0.93,1.65,2.03,2.67,3.86,1.3699953998461467
2021-01-01,0.09,0.09,0.13,0.36,0.93,1.65,2.03,2.67,3.86,1.3699953998461467
2021-01-02,0.09,0.09,0.13,0.36,0.93,1.65,2.03,2.67,3.86,1.6756560442617419
2021-01-03,0.09,0.09,0.13,0.36,0.93,1.65,2.03,2.67,3.86,1.6756560442617419
2021-01-04,0.09,0.09,0.11,0.36,0.93,1.66,2.04,2.67,3.93,1.6756560442617419
2021-01-05,0.09,0.09,0.13,0.38,0.96,1.7,2.05,2.67,3.92,1.6756560442617419
2021-01-06,0.09,0.09,0.14,0.43,1.04,1.81,2.08,2.67,3.8,1.6756560442617419
2021-01-07,0.09,0.09,0.14,0.46,1.08,1.85,2.09,2.65,3.78,1.6756560442617419
2021-01-08,0.09,0.08,0.14,0.49,1.13,1.87,2.05,2.65,3.76,1.6756560442617419
2021-01-09,0.09,0.08,0.14,0.49,1.13,1.87,2.05,2.65,3.76,1.6756560442617419
2021-01-10,0.09,0.08,0.14,0.49,1.13,1.87,2.05,2.65,3.76,1.6756560442617419
2021-01-11,0.09,0.08,0.14,0.5,1.15,1.88,2.08,2.65,3.82,1.6756560442617419
2021-01-12,0.09,0.09,0.14,0.5,1.15,1.88,2.1,2.65,3.85,1.6756560442617419
2021-01-13,0.09,0.09,0.14,0.48,1.1,1.82,2.08,2.65,3.82,1.6756560442617419
2021-01-14,0.09,0.09,0.16,0.49,1.15,1.88,2.09,2.79,3.73,1.6756560442617419
2021-01-15,0.09,0.09,0.13,0.46,1.11,1.85,2.11,2.79,3.74,1.6756560442617419
2021-01-16,0.09,0.09,0.13,0.46,1.11,1.85,2.11,2.79,3.74,1.6756560442617419
2021-01-17,0.09,0.09,0.13,0.46,1.11,1.85,2.11,2.79,3.74,1.6756560442617419
2021-01-18,0.09,0.09,0.13,0.46,1.11,1.85,2.11,2.79,3.73,1.6756560442617419
2021-01-19,0.09,0.09,0.14,0.45,1.1,1.84,2.08,2.79,3.71,1.6756560442617419
2021-01-20,0.09,0.08,0.13,0.45,1.1,1.84,2.09,2.79,3.67,1.6756560442617419
2021-01-21,0.08,0.09,0.13,0.45,1.12,1.87,2.02,2.77,3.65,1.6756560442617419
2021-01-22,0.08,0.08,0.13,0.44,1.1,1.85,2.02,2.77,3.75,1.6756560442617419
2021-01-23,0.08,0.08,0.13,0.44,1.1,1.85,2.02,2.77,3.75,1.6756560442617419
2021-01-24,0.08,0.08,0.13,0.44,1.1,1.85,2.02,2.77,3.75,1.6756560442617419
2021-01-25,0.08,0.09,0.13,0.42,1.05,1.8,2.01,2.77,3.75,1.6756560442617419
2021-01-26,0.08,0.07,0.11,0.42,1.05,1.8,2.01,2.77,3.74,1.6756560442617419
2021-01-27,0.08,0.08,0.12,0.41,1.04,1.79,2.01,2.77,3.85,1.6756560442617419
2021-01-28,0.07,0.07,0.12,0.42,1.07,1.81,2.08,2.73,3.76,1.6756560442617419
2021-01-29,0.07,0.06,0.11,0.45,1.11,1.87,2.05,2.73,3.79,1.6756560442617419
2021-01-30,0.07,0.06,0.11,0.45,1.11,1.87,2.05,2.73,3.79,1.6756560442617419
2021-01-31,0.07,0.06,0.11,0.45,1.11,1.87,2.05,2.73,3.84,1.6756560442617419
2021-02-01,0.08,0.07,0.11,0.42,1.09,1.84,2.04,2.73,3.83,1.6756560442617419
2021-02-02,0.08,0.07,0.11,0.45,1.12,1.87,2.07,2.73,3.75,2.6373217462760223
2021-02-03,0.08,0.04,0.11,0.46,1.15,1.92,2.11,2.73,3.68,2.6373217462760223
2021-02-04,0.08,0.04,0.11,0.46,1.15,1.93,2.09,2.73,3.64,2.6373217462760223
2021-02-05,0.08,0.03,0.09,0.47,1.19,1.97,2.14,2.73,3.58,2.6373217462760223
2021-02-06,0.08,0.03,0.09,0.47,1.19,1.97,2.14,2.73,3.58,2.6373217462760223
2021-02-07,0.08,0.03,0.09,0.47,1.19,1.97,2.14,2.73,3.58,2.6373217462760223
2021-02-08,0.07,0.05,0.11,0.48,1.19,1.96,2.13,2.73,3.54,2.6373217462760223
2021-02-09,0.08,0.04,0.11,0.48,1.18,1.95,2.13,2.73,3.51,2.6373217462760223
2021-02-10,0.08,0.05,0.11,0.46,1.15,1.92,2.11,2.73,3.51,2.6373217462760223
2021-02-11,0.08,0.05,0.11,0.46,1.16,1.94,2.08,2.73,3.5,2.6373217462760223
2021-02-12,0.08,0.04,0.11,0.5,1.2,2.01,2.07,2.73,3.48,2.6373217462760223
2021-02-13,0.08,0.04,0.11,0.5,1.2,2.01,2.07,2.73,3.48,2.6373217462760223
2021-02-14,0.08,0.04,0.11,0.5,1.2,2.01,2.07,2.73,3.48,2.6373217462760223
2021-02-15,0.08,0.04,0.11,0.5,1.2,2.01,2.07,2.73,3.47,2.6373217462760223
2021-02-16,0.08,0.04,0.13,0.57,1.3,2.08,2.11,2.73,3.41,2.6373217462760223
2021-02-17,0.08,0.04,0.11,0.57,1.29,2.06,2.07,2.73,3.44,2.6373217462760223
2021-02-18,0.07,0.03,0.11,0.56,1.29,2.08,2.03,2.81,3.46,2.6373217462760223
2021-02-19,0.07,0.04,0.11,0.59,1.34,2.14,1.99,2.81,3.41,2.6373217462760223
2021-02-20,0.07,0.04,0.11,0.59,1.34,2.14,1.99,2.81,3.41,2.6373217462760223
2021-02-21,0.07,0.04,0.11,0.59,1.34,2.14,1.99,2.81,3.41,2.6373217462760223
2021-02-22,0.07,0.03,0.11,0.61,1.37,2.19,1.97,2.81,3.44,2.6373217462760223
2021-02-23,0.07,0.04,0.11,0.59,1.37,2.21,1.97,2.81,3.47,2.6373217462760223
2021-02-24,0.07,0.03,0.12,0.62,1.38,2.24,1.96,2.81,3.42,2.6373217462760223
2021-02-25,0.07,0.04,0.17,0.81,1.54,2.33,1.94,2.97,3.42,2.6373217462760223
2021-02-26,0.07,0.04,0.14,0.75,1.44,2.17,1.91,2.97,3.52,2.6373217462760223
2021-02-27,0.07,0.04,0.14,0.75,1.44,2.17,1.91,2.97,3.52,2.6373217462760223
2021-02-28,0.07,0.04,0.14,0.75,1.44,2.17,1.91,2.97,3.57,2.6373217462760223
2021-03-01,0.07,0.05,0.13,0.71,1.45,2.23,1.92,2.97,3.54,2.6373217462760223
2021-03-02,0.07,0.04,0.13,0.67,1.42,2.21,1.97,2.97,3.53,4.153135148638509
2021-03-03,0.07,0.05,0.14,0.73,1.47,2.25,1.97,2.97,3.51,4.153135148638509
2021-03-04,0.07,0.04,0.14,0.77,1.54,2.3,1.97,3.02,3.54,4.153135148638509
2021-03-05,0.07,0.04,0.14,0.79,1.56,2.28,2.01,3.02,3.6,4.153135148638509
2021-03-06,0.07,0.04,0.14,0.79,1.56,2.28,2.01,3.02,3.6,4.153135148638509
2021-03-07,0.07,0.04,0.14,0.79,1.56,2.28,2.01,3.02,3.6,4.153135148638509
2021-03-08,0.07,0.05,0.17,0.86,1.59,2.31,2.0,3.02,3.57,4.153135148638509
2021-03-09,0.07,0.05,0.17,0.83,1.55,2.26,2.01,3.02,3.62,4.153135148638509
2021-03-10,0.07,0.04,0.16,0.8,1.53,2.24,2.05,3.02,3.63,4.153135148638509
2021-03-11,0.07,0.04,0.14,0.78,1.54,2.29,2.05,3.05,3.52,4.153135148638509
2021-03-12,0.07,0.04,0.14,0.85,1.64,2.4,2.01,3.05,3.55,4.153135148638509
2021-03-13,0.07,0.04,0.14,0.85,1.64,2.4,2.01,3.05,3.55,4.153135148638509
2021-03-14,0.07,0.04,0.14,0.85,1.64,2.4,2.01,3.05,3.55,4.153135148638509
2021-03-15,0.07,0.04,0.14,0.84,1.62,2.37,2.0,3.05,3.55,4.153135148638509
2021-03-16,0.07,0.02,0.15,0.83,1.62,2.38,2.01,3.05,3.55,4.153135148638509
2021-03-17,0.07,0.02,0.13,0.8,1.63,2.42,2.02,3.05,3.65,4.153135148638509
2021-03-18,0.07,0.01,0.16,0.86,1.71,2.45,2.04,3.09,3.66,4.153135148638509
2021-03-19,0.07,0.01,0.16,0.9,1.74,2.45,2.11,3.09,3.67,4.153135148638509
2021-03-20,0.07,0.01,0.16,0.9,1.74,2.45,2.11,3.09,3.67,4.153135148638509
2021-03-21,0.07,0.01,0.16,0.9,1.74,2.45,2.11,3.09,3.67,4.153135148638509
2021-03-22,0.07,0.03,0.15,0.87,1.69,2.38,2.15,3.09,3.58,4.153135148638509
2021-03-23,0.07,0.01,0.15,0.83,1.63,2.34,2.1,3.09,3.57,4.153135148638509
2021-03-24,0.07,0.02,0.14,0.83,1.62,2.31,2.09,3.09,3.51,4.153135148638509
2021-03-25,0.07,0.02,0.14,0.82,1.63,2.34,2.1,3.17,3.53,4.153135148638509
2021-03-26,0.07,0.02,0.14,0.85,1.67,2.37,2.11,3.17,3.48,4.153135148638509
2021-03-27,0.07,0.02,0.14,0.85,1.67,2.37,2.11,3.17,3.48,4.153135148638509
2021-03-28,0.07,0.02,0.14,0.85,1.67,2.37,2.11,3.17,3.48,4.153135148638509
2021-03-29,0.07,0.03,0.14,0.89,1.73,2.43,2.16,3.17,3.43,4.153135148638509
2021-03-30,0.07,0.02,0.16,0.9,1.73,2.38,2.18,3.17,3.44,4.153135148638509
2021-03-31,0.06,0.03,0.16,0.92,1.74,2.41,2.2,3.17,3.36,4.153135148638509
2021-04-01,0.07,0.02,0.17,0.9,1.69,2.34,2.15,3.18,3.33,4.153135148638509
2021-04-02,0.07,0.02,0.19,0.97,1.72,2.35,2.14,3.18,3.33,4.926506786693863
2021-04-03,0.07,0.02,0.19,0.97,1.72,2.35,2.14,3.18,3.33,4.926506786693863
2021-04-04,0.07,0.02,0.19,0.97,1.72,2.35,2.14,3.18,3.33,4.926506786693863
2021-04-05,0.07,0.03,0.17,0.94,1.73,2.36,2.15,3.18,3.25,4.926506786693863
2021-04-06,0.07,0.02,0.16,0.88,1.67,2.32,2.12,3.18,3.25,4.926506786693863
2021-04-07,0.07,0.02,0.16,0.87,1.68,2.35,2.15,3.18,3.22,4.926506786693863
2021-04-08,0.07,0.01,0.14,0.85,1.64,2.32,2.11,3.13,3.21,4.926506786693863
2021-04-09,0.07,0.02,0.16,0.87,1.67,2.34,2.11,3.13,3.24,4.926506786693863
2021-04-10,0.07,0.02,0.16,0.87,1.67,2.34,2.11,3.13,3.24,4.926506786693863
2021-04-11,0.07,0.02,0.16,0.87,1.67,2.34,2.11,3.13,3.24,4.926506786693863
2021-04-12,0.07,0.02,0.18,0.89,1.69,2.34,2.14,3.13,3.24,4.926506786693863
2021-04-13,0.07,0.03,0.16,0.85,1.64,2.32,2.12,3.13,3.32,4.926506786693863
2021-04-14,0.07,0.02,0.16,0.87,1.64,2.32,2.1,3.13,3.25,4.926506786693863
2021-04-15,0.07,0.02,0.16,0.81,1.56,2.23,2.11,3.04,3.25,4.926506786693863
2021-04-16,0.07,0.02,0.16,0.84,1.59,2.26,2.15,3.04,3.22,4.926506786693863
2021-04-17,0.07,0.02,0.16,0.84,1.59,2.26,2.15,3.04,3.22,4.926506786693863
2021-04-18,0.07,0.02,0.16,0.84,1.59,2.26,2.15,3.04,3.22,4.926506786693863
2021-04-19,0.07,0.02,0.16,0.85,1.61,2.29,2.12,3.04,3.25,4.926506786693863
2021-04-20,0.07,0.03,0.15,0.81,1.58,2.27,2.12,3.04,3.35,4.926506786693863
2021-04-21,0.07,0.03,0.15,0.81,1.57,2.26,2.13,3.04,3.34,4.926506786693863
2021-04-22,0.07,0.03,0.16,0.81,1.57,2.24,2.24,2.97,3.34,4.926506786693863
2021-04-23,0.07,0.03,0.16,0.83,1.58,2.25,2.24,2.97,3.29,4.926506786693863
2021-04-24,0.07,0.03,0.16,0.83,1.58,2.25,2.24,2.97,3.29,4.926506786693863
2021-04-25,0.07,0.03,0.16,0.83,1.58,2.25,2.24,2.97,3.29,4.926506786693863
2021-04-26,0.07,0.03,0.18,0.85,1.58,2.24,2.25,2.97,3.26,4.926506786693863
2021-04-27,0.07,0.01,0.17,0.88,1.63,2.29,2.27,2.97,3.24,4.926506786693863
2021-04-28,0.07,0.01,0.17,0.86,1.63,2.29,2.28,2.97,3.26,4.926506786693863
2021-04-29,0.06,0.01,0.16,0.86,1.65,2.31,2.28,2.98,3.24,4.926506786693863
2021-04-30,0.05,0.01,0.16,0.86,1.65,2.3,2.25,2.98,3.28,4.926506786693863
2021-05-01,0.05,0.01,0.16,0.86,1.65,2.3,2.25,2.98,3.28,4.926506786693863
2021-05-02,0.05,0.01,0.16,0.86,1.65,2.3,2.25,2.98,3.28,5.324507738590345
2021-05-03,0.06,0.04,0.16,0.84,1.63,2.3,2.24,2.98,3.27,5.324507738590345
2021-05-04,0.06,0.02,0.16,0.82,1.61,2.27,2.22,2.98,3.32,5.324507738590345
2021-05-05,0.06,0.02,0.16,0.8,1.59,2.25,2.26,2.98,3.29,5.324507738590345
2021-05-06,0.06,0.02,0.16,0.81,1.58,2.24,2.24,2.96,3.3,5.324507738590345
2021-05-07,0.06,0.02,0.14,0.77,1.6,2.28,2.33,2.96,3.27,5.324507738590345
2021-05-08,0.06,0.02,0.14,0.77,1.6,2.28,2.33,2.96,3.27,5.324507738590345
2021-05-09,0.06,0.02,0.14,0.77,1.6,2.28,2.33,2.96,3.27,5.324507738590345
2021-05-10,0.06,0.02,0.16,0.8,1.63,2.32,2.37,2.96,3.26,5.324507738590345
2021-05-11,0.06,0.01,0.16,0.8,1.64,2.35,2.38,2.96,3.36,5.324507738590345
2021-05-12,0.06,0.02,0.16,0.87,1.69,2.4,2.36,2.96,3.34,5.324507738590345
2021-05-13,0.06,0.02,0.16,0.84,1.66,2.39,2.37,2.94,3.37,5.324507738590345
2021-05-14,0.06,0.01,0.16,0.82,1.63,2.35,2.34,2.94,3.35,5.324507738590345
2021-05-15,0.06,0.01,0.16,0.82,1.63,2.35,2.34,2.94,3.35,5.324507738590345
2021-05-16,0.06,0.01,0.16,0.82,1.63,2.35,2.34,2.94,3.35,5.324507738590345
2021-05-17,0.06,0.02,0.16,0.84,1.64,2.36,2.36,2.94,3.35,5.324507738590345
2021-05-18,0.06,0.02,0.16,0.83,1.64,2.37,2.32,2.94,3.35,5.324507738590345
2021-05-19,0.06,0.01,0.16,0.87,1.68,2.38,2.3,2.94,3.4,5.324507738590345
2021-05-20,0.06,0.01,0.15,0.83,1.63,2.34,2.23,3.0,3.42,5.324507738590345
2021-05-21,0.06,0.01,0.17,0.84,1.63,2.33,2.24,3.0,3.37,5.324507738590345
2021-05-22,0.06,0.01,0.17,0.84,1.63,2.33,2.24,3.0,3.37,5.324507738590345
2021-05-23,0.06,0.01,0.17,0.84,1.63,2.33,2.24,3.0,3.37,5.324507738590345
2021-05-24,0.06,0.02,0.15,0.82,1.61,2.31,2.24,3.0,3.37,5.324507738590345
2021-05-25,0.06,0.02,0.15,0.79,1.56,2.26,2.21,3.0,3.34,5.324507738590345
2021-05-26,0.06,0.02,0.14,0.8,1.58,2.27,2.2,3.0,3.35,5.324507738590345
2021-05-27,0.06,0.02,0.14,0.81,1.61,2.29,2.25,2.95,3.3,5.324507738590345
2021-05-28,0.05,0.01,0.14,0.79,1.58,2.26,2.27,2.95,3.29,5.324507738590345
2021-05-29,0.05,0.01,0.14,0.79,1.58,2.26,2.27,2.95,3.29,5.324507738590345
2021-05-30,0.05,0.01,0.14,0.79,1.58,2.26,2.27,2.95,3.29,5.324507738590345
2021-05-31,0.05,0.01,0.14,0.79,1.58,2.26,2.27,2.95,3.34,5.324507738590345
2021-06-01,0.06,0.02,0.16,0.81,1.62,2.3,2.32,2.95,3.33,5.324507738590345
2021-06-02,0.06,0.02,0.13,0.8,1.59,2.28,2.29,2.95,3.31,5.282594236748084
2021-06-03,0.06,0.02,0.16,0.84,1.63,2.3,2.28,2.99,3.28,5.282594236748084
2021-06-04,0.06,0.02,0.14,0.78,1.56,2.24,2.26,2.99,3.28,5.282594236748084
2021-06-05,0.06,0.02,0.14,0.78,1.56,2.24,2.26,2.99,3.28,5.282594236748084
2021-06-06,0.06,0.02,0.14,0.78,1.56,2.24,2.26,2.99,3.28,5.282594236748084
2021-06-07,0.06,0.02,0.16,0.79,1.57,2.25,2.27,2.99,3.27,5.282594236748084
2021-06-08,0.06,0.02,0.14,0.77,1.53,2.21,2.25,2.99,3.26,5.282594236748084
2021-06-09,0.06,0.03,0.16,0.75,1.5,2.17,2.23,2.99,3.22,5.282594236748084
2021-06-10,0.06,0.03,0.14,0.73,1.45,2.15,2.23,2.96,3.23,5.282594236748084
2021-06-11,0.06,0.03,0.16,0.76,1.47,2.15,2.21,2.96,3.21,5.282594236748084
2021-06-12,0.06,0.03,0.16,0.76,1.47,2.15,2.21,2.96,3.21,5.282594236748084
2021-06-13,0.06,0.03,0.16,0.76,1.47,2.15,2.21,2.96,3.21,5.282594236748084
2021-06-14,0.06,0.03,0.16,0.8,1.51,2.19,2.28,2.96,3.17,5.282594236748084
2021-06-15,0.06,0.03,0.16,0.79,1.51,2.2,2.3,2.96,3.17,5.282594236748084
2021-06-16,0.06,0.04,0.21,0.89,1.57,2.2,2.23,2.96,3.12,5.282594236748084
2021-06-17,0.1,0.04,0.23,0.9,1.52,2.11,2.23,2.93,3.15,5.282594236748084
2021-06-18,0.1,0.05,0.26,0.89,1.45,2.01,2.11,2.93,3.18,5.282594236748084
2021-06-19,0.1,0.05,0.26,0.89,1.45,2.01,2.11,2.93,3.18,5.282594236748084
2021-06-20,0.1,0.05,0.26,0.89,1.45,2.01,2.11,2.93,3.18,5.282594236748084
2021-06-21,0.1,0.05,0.27,0.9,1.5,2.11,2.09,2.93,3.14,5.282594236748084
2021-06-22,0.1,0.04,0.25,0.87,1.48,2.1,2.16,2.93,3.15,5.282594236748084
2021-06-23,0.1,0.05,0.26,0.9,1.5,2.11,2.19,2.93,3.13,5.282594236748084
2021-06-24,0.1,0.05,0.26,0.9,1.49,2.1,2.15,3.02,3.08,5.282594236748084
2021-06-25,0.1,0.06,0.28,0.92,1.54,2.16,2.22,3.02,3.04,5.282594236748084
2021-06-26,0.1,0.06,0.28,0.92,1.54,2.16,2.22,3.02,3.04,5.282594236748084
2021-06-27,0.1,0.06,0.28,0.92,1.54,2.16,2.22,3.02,3.04,5.282594236748084
2021-06-28,0.1,0.05,0.25,0.9,1.49,2.1,2.21,3.02,3.05,5.282594236748084
2021-06-29,0.1,0.04,0.27,0.89,1.49,2.1,2.18,3.02,3.03,5.282594236748084
2021-06-30,0.08,0.05,0.25,0.87,1.45,2.06,2.17,3.02,3.04,5.282594236748084
2021-07-01,0.1,0.05,0.25,0.89,1.48,2.07,2.21,2.98,3.02,5.282594236748084
2021-07-02,0.1,0.05,0.24,0.86,1.44,2.05,2.17,2.98,3.04,5.2024769662943005
2021-07-03,0.1,0.05,0.24,0.86,1.44,2.05,2.17,2.98,3.04,5.2024769662943005
2021-07-04,0.1,0.05,0.24,0.86,1.44,2.05,2.17,2.98,3.04,5.2024769662943005
2021-07-05,0.1,0.05,0.24,0.86,1.44,2.05,2.17,2.98,3.03,5.2024769662943005
2021-07-06,0.1,0.05,0.22,0.81,1.37,2.0,2.14,2.98,3.05,5.2024769662943005
2021-07-07,0.1,0.05,0.22,0.79,1.33,1.94,2.13,2.98,3.05,5.2024769662943005
2021-07-08,0.1,0.06,0.19,0.74,1.3,1.91,2.06,2.9,3.14,5.2024769662943005
2021-07-09,0.1,0.06,0.23,0.79,1.37,1.99,2.12,2.9,3.07,5.2024769662943005
2021-07-10,0.1,0.06,0.23,0.79,1.37,1.99,2.12,2.9,3.07,5.2024769662943005
2021-07-11,0.1,0.06,0.23,0.79,1.37,1.99,2.12,2.9,3.07,5.2024769662943005
2021-07-12,0.1,0.05,0.23,0.81,1.38,2.0,2.18,2.9,3.05,5.2024769662943005
2021-07-13,0.1,0.05,0.26,0.85,1.42,2.04,2.16,2.9,3.04,5.2024769662943005
2021-07-14,0.1,0.06,0.23,0.8,1.37,1.98,2.15,2.9,3.1,5.2024769662943005
2021-07-15,0.1,0.05,0.23,0.78,1.31,1.92,2.11,2.88,3.14,5.2024769662943005
2021-07-16,0.1,0.05,0.25,0.79,1.31,1.93,2.14,2.88,3.18,5.2024769662943005
2021-07-17,0.1,0.05,0.25,0.79,1.31,1.93,2.14,2.88,3.18,5.2024769662943005
2021-07-18,0.1,0.05,0.25,0.79,1.31,1.93,2.14,2.88,3.18,5.2024769662943005
2021-07-19,0.1,0.05,0.21,0.7,1.19,1.81,2.07,2.88,3.44,5.2024769662943005
2021-07-20,0.1,0.05,0.2,0.69,1.23,1.88,2.12,2.88,3.38,5.2024769662943005
2021-07-21,0.1,0.05,0.22,0.74,1.3,1.94,2.11,2.88,3.24,5.2024769662943005
2021-07-22,0.1,0.05,0.2,0.71,1.27,1.9,2.1,2.78,3.24,5.2024769662943005
2021-07-23,0.1,0.05,0.22,0.72,1.3,1.92,2.17,2.78,3.22,5.2024769662943005
2021-07-24,0.1,0.05,0.22,0.72,1.3,1.92,2.17,2.78,3.22,5.2024769662943005
2021-07-25,0.1,0.05,0.22,0.72,1.3,1.92,2.17,2.78,3.22,5.2024769662943005
2021-07-26,0.1,0.05,0.22,0.73,1.29,1.93,2.21,2.78,3.21,5.2024769662943005
2021-07-27,0.1,0.05,0.2,0.71,1.25,1.89,2.21,2.78,3.27,5.2024769662943005
2021-07-28,0.1,0.05,0.2,0.72,1.26,1.9,2.25,2.78,3.26,5.2024769662943005
2021-07-29,0.1,0.06,0.2,0.73,1.28,1.91,2.28,2.8,3.23,5.2024769662943005
2021-07-30,0.07,0.06,0.19,0.69,1.24,1.89,2.24,2.8,3.26,5.2024769662943005
2021-07-31,0.07,0.06,0.19,0.69,1.24,1.89,2.24,2.8,3.32,5.2024769662943005
2021-08-01,0.07,0.06,0.19,0.69,1.24,1.89,2.24,2.8,3.32,5.2024769662943005
2021-08-02,0.1,0.05,0.17,0.66,1.2,1.86,2.23,2.8,3.36,5.3773030071228245
2021-08-03,0.1,0.05,0.17,0.65,1.19,1.85,2.25,2.8,3.42,5.3773030071228245
2021-08-04,0.1,0.05,0.17,0.67,1.19,1.83,2.2,2.8,3.42,5.3773030071228245
2021-08-05,0.1,0.05,0.21,0.72,1.23,1.86,2.2,2.77,3.37,5.3773030071228245
2021-08-06,0.1,0.06,0.21,0.77,1.31,1.94,2.24,2.77,3.32,5.3773030071228245
2021-08-07,0.1,0.06,0.21,0.77,1.31,1.94,2.24,2.77,3.32,5.3773030071228245
2021-08-08,0.1,0.06,0.21,0.77,1.31,1.94,2.24,2.77,3.32,5.3773030071228245
2021-08-09,0.1,0.06,0.23,0.79,1.33,1.96,2.24,2.77,3.34,5.3773030071228245
2021-08-10,0.1,0.05,0.24,0.82,1.36,1.99,2.27,2.77,3.32,5.3773030071228245
2021-08-11,0.1,0.05,0.23,0.81,1.35,1.99,2.29,2.77,3.37,5.3773030071228245
2021-08-12,0.1,0.06,0.23,0.83,1.36,2.03,2.27,2.87,3.34,5.3773030071228245
2021-08-13,0.1,0.06,0.23,0.79,1.29,1.94,2.22,2.87,3.36,5.3773030071228245
2021-08-14,0.1,0.06,0.23,0.79,1.29,1.94,2.22,2.87,3.36,5.3773030071228245
2021-08-15,0.1,0.06,0.23,0.79,1.29,1.94,2.22,2.87,3.36,5.3773030071228245
2021-08-16,0.1,0.06,0.21,0.75,1.26,1.92,2.22,2.87,3.38,5.3773030071228245
2021-08-17,0.1,0.07,0.23,0.77,1.26,1.92,2.17,2.87,3.37,5.3773030071228245
2021-08-18,0.09,0.07,0.23,0.79,1.27,1.91,2.16,2.87,3.35,5.3773030071228245
2021-08-19,0.09,0.06,0.22,0.78,1.24,1.88,2.11,2.86,3.42,5.3773030071228245
2021-08-20,0.09,0.05,0.23,0.8,1.26,1.87,2.14,2.86,3.37,5.3773030071228245
2021-08-21,0.09,0.05,0.23,0.8,1.26,1.87,2.14,2.86,3.37,5.3773030071228245
2021-08-22,0.09,0.05,0.23,0.8,1.26,1.87,2.14,2.86,3.37,5.3773030071228245
2021-08-23,0.09,0.05,0.23,0.78,1.25,1.87,2.11,2.86,3.34,5.3773030071228245
2021-08-24,0.09,0.05,0.24,0.8,1.29,1.91,2.15,2.86,3.26,5.3773030071228245
2021-08-25,0.09,0.06,0.23,0.84,1.35,1.96,2.19,2.86,3.22,5.3773030071228245
2021-08-26,0.09,0.05,0.25,0.84,1.34,1.94,2.16,2.87,3.2,5.3773030071228245
2021-08-27,0.08,0.05,0.22,0.79,1.31,1.91,2.25,2.87,3.17,5.3773030071228245
2021-08-28,0.08,0.05,0.22,0.79,1.31,1.91,2.25,2.87,3.17,5.3773030071228245
2021-08-29,0.08,0.05,0.22,0.79,1.31,1.91,2.25,2.87,3.17,5.3773030071228245
2021-08-30,0.08,0.05,0.2,0.77,1.29,1.9,2.23,2.87,3.16,5.3773030071228245
2021-08-31,0.06,0.04,0.2,0.77,1.3,1.92,2.18,2.87,3.21,5.3773030071228245
2021-09-01,0.08,0.05,0.2,0.78,1.31,1.92,2.2,2.87,3.19,5.3773030071228245
2021-09-02,0.08,0.05,0.2,0.78,1.29,1.9,2.17,2.87,3.16,6.2435211278420555
2021-09-03,0.08,0.05,0.21,0.78,1.33,1.94,2.2,2.87,3.14,6.2435211278420555
2021-09-04,0.08,0.05,0.21,0.78,1.33,1.94,2.2,2.87,3.14,6.2435211278420555
2021-09-05,0.08,0.05,0.21,0.78,1.33,1.94,2.2,2.87,3.14,6.2435211278420555
2021-09-06,0.08,0.05,0.21,0.78,1.33,1.94,2.2,2.87,3.13,6.2435211278420555
2021-09-07,0.08,0.05,0.22,0.82,1.38,1.99,2.21,2.87,3.16,6.2435211278420555
2021-09-08,0.08,0.05,0.22,0.81,1.35,1.95,2.23,2.87,3.16,6.2435211278420555
2021-09-09,0.08,0.04,0.23,0.79,1.3,1.9,2.21,2.88,3.15,6.2435211278420555
2021-09-10,0.08,0.05,0.23,0.82,1.35,1.94,2.25,2.88,3.11,6.2435211278420555
2021-09-11,0.08,0.05,0.23,0.82,1.35,1.94,2.25,2.88,3.11,6.2435211278420555
2021-09-12,0.08,0.05,0.23,0.82,1.35,1.94,2.25,2.88,3.11,6.2435211278420555
2021-09-13,0.08,0.06,0.21,0.81,1.33,1.91,2.21,2.88,3.09,6.2435211278420555
2021-09-14,0.08,0.04,0.21,0.79,1.28,1.85,2.17,2.88,3.11,6.2435211278420555
2021-09-15,0.08,0.04,0.21,0.81,1.31,1.87,2.19,2.88,3.08,6.2435211278420555
2021-09-16,0.08,0.04,0.23,0.84,1.34,1.88,2.17,2.86,3.06,6.2435211278420555
2021-09-17,0.08,0.04,0.23,0.88,1.37,1.91,2.15,2.86,3.04,6.2435211278420555
2021-09-18,0.08,0.04,0.23,0.88,1.37,1.91,2.15,2.86,3.04,6.2435211278420555
2021-09-19,0.08,0.04,0.23,0.88,1.37,1.91,2.15,2.86,3.04,6.2435211278420555
2021-09-20,0.08,0.04,0.23,0.83,1.31,1.85,2.15,2.86,3.23,6.2435211278420555
2021-09-21,0.08,0.03,0.22,0.84,1.33,1.86,2.14,2.86,3.17,6.2435211278420555
2021-09-22,0.08,0.03,0.25,0.86,1.32,1.84,2.15,2.86,3.09,6.2435211278420555
2021-09-23,0.08,0.03,0.27,0.94,1.41,1.92,2.14,2.88,3.03,6.2435211278420555
2021-09-24,0.08,0.03,0.29,0.97,1.47,1.99,2.21,2.88,3.05,6.2435211278420555
2021-09-25,0.08,0.03,0.29,0.97,1.47,1.99,2.21,2.88,3.05,6.2435211278420555
2021-09-26,0.08,0.03,0.29,0.97,1.47,1.99,2.21,2.88,3.05,6.2435211278420555
2021-09-27,0.08,0.04,0.31,0.98,1.48,1.99,2.2,2.88,3.06,6.2435211278420555
2021-09-28,0.08,0.04,0.31,1.02,1.54,2.07,2.23,2.88,3.13,6.2435211278420555
2021-09-29,0.08,0.04,0.3,1.01,1.55,2.09,2.22,2.88,3.09,6.2435211278420555
2021-09-30,0.06,0.04,0.28,0.98,1.52,2.08,2.23,3.01,3.15,6.2435211278420555
2021-10-01,0.08,0.04,0.27,0.93,1.48,2.04,2.25,3.01,3.2,6.2435211278420555
2021-10-02,0.08,0.04,0.27,0.93,1.48,2.04,2.25,3.01,3.2,
2021-10-03,0.08,0.04,0.27,0.93,1.48,2.04,2.25,3.01,3.2,
2021-10-04,0.08,0.04,0.27,0.95,1.49,2.05,2.23,3.01,3.21,
2021-10-05,0.08,0.04,0.28,0.98,1.54,2.1,2.31,3.01,3.17,
2021-10-06,0.08,0.04,0.3,0.99,1.53,2.08,2.29,3.01,3.29,
2021-10-07,0.08,0.05,0.32,1.02,1.58,2.13,2.31,2.99,3.19,
2021-10-08,0.08,0.05,0.32,1.05,1.61,2.16,2.36,2.99,3.2,
2021-10-09,0.08,0.05,0.32,1.05,1.61,2.16,2.36,2.99,3.2,
2021-10-10,0.08,0.05,0.32,1.05,1.61,2.16,2.36,2.99,3.2,
2021-10-11,0.08,0.05,0.32,1.05,1.61,2.16,2.36,2.99,3.2,
2021-10-12,0.08,0.06,0.35,1.08,1.59,2.1,2.34,2.99,3.28,
2021-10-13,0.08,0.05,0.37,1.09,1.56,2.05,2.36,2.99,3.25,
2021-10-14,0.08,0.05,0.36,1.05,1.52,2.02,2.35,3.05,3.18,
2021-10-15,0.08,0.05,0.41,1.13,1.59,2.05,2.41,3.05,3.12,
2021-10-16,0.08,0.05,0.41,1.13,1.59,2.05,2.41,3.05,3.12,
2021-10-17,0.08,0.05,0.41,1.13,1.59,2.05,2.41,3.05,3.12,
2021-10-18,0.08,0.06,0.44,1.16,1.59,2.01,2.37,3.05,3.11,
2021-10-19,0.08,0.05,0.41,1.17,1.65,2.09,2.37,3.05,3.09,
2021-10-20,0.08,0.05,0.4,1.16,1.65,2.12,2.37,3.05,3.07,
2021-10-21,0.08,0.06,0.45,1.23,1.68,2.13,2.34,3.09,3.03,
2021-10-22,0.08,0.06,0.48,1.22,1.66,2.08,2.37,3.09,3.07,
2021-10-23,0.08,0.06,0.48,1.22,1.66,2.08,2.37,3.09,3.07,
2021-10-24,0.08,0.06,0.48,1.22,1.66,2.08,2.37,3.09,3.07,
2021-10-25,0.08,0.06,0.47,1.19,1.64,2.09,2.37,3.09,3.11,
2021-10-26,0.08,0.06,0.47,1.2,1.63,2.05,2.39,3.09,3.09,
2021-10-27,0.08,0.06,0.5,1.16,1.54,1.95,2.34,3.09,3.11,
2021-10-28,0.08,0.06,0.5,1.18,1.57,1.96,2.24,3.14,3.08,
2021-10-29,0.07,0.05,0.48,1.18,1.55,1.93,2.13,3.14,3.08,
2021-10-30,0.07,0.05,0.48,1.18,1.55,1.93,2.13,3.14,3.08,
2021-10-31,0.07,0.05,0.48,1.18,1.55,1.93,2.13,3.14,3.15,
2021-11-01,0.08,0.05,0.5,1.2,1.58,1.98,2.14,3.14,3.16,
2021-11-02,0.08,0.05,0.46,1.15,1.56,1.96,2.18,3.14,3.21,
2021-11-03,0.08,0.05,0.47,1.19,1.6,2.0,2.2,3.14,3.18,
2021-11-04,0.08,0.04,0.41,1.1,1.53,1.96,2.24,3.09,3.19,
2021-11-05,0.08,0.05,0.39,1.04,1.45,1.87,2.21,3.09,3.12,
2021-11-06,0.08,0.05,0.39,1.04,1.45,1.87,2.21,3.09,3.12,
2021-11-07,0.08,0.05,0.39,1.04,1.45,1.87,2.21,3.09,3.12,
2021-11-08,0.08,0.06,0.45,1.13,1.51,1.89,2.3,3.09,3.03,
2021-11-09,0.08,0.04,0.41,1.08,1.46,1.83,2.3,3.09,3.08,
2021-11-10,0.08,0.05,0.51,1.23,1.56,1.92,2.32,2.98,3.06,
2021-11-11,0.08,0.05,0.51,1.23,1.56,1.92,2.32,2.98,3.06,
2021-11-12,0.08,0.05,0.53,1.24,1.58,1.95,2.35,2.98,3.09,
2021-11-13,0.08,0.05,0.53,1.24,1.58,1.95,2.35,2.98,3.09,
2021-11-14,0.08,0.05,0.53,1.24,1.58,1.95,2.35,2.98,3.09,
2021-11-15,0.08,0.05,0.53,1.26,1.63,2.01,2.35,2.98,3.1,
2021-11-16,0.08,0.05,0.54,1.27,1.63,2.02,2.29,2.98,3.12,
2021-11-17,0.08,0.05,0.52,1.24,1.6,2.0,2.26,2.98,3.17,
2021-11-18,0.08,0.05,0.52,1.22,1.59,1.97,2.35,3.1,3.19,
2021-11-19,0.08,0.05,0.52,1.22,1.54,1.91,2.28,3.1,3.24,
2021-11-20,0.08,0.05,0.52,1.22,1.54,1.91,2.28,3.1,3.24,
2021-11-21,0.08,0.05,0.52,1.22,1.54,1.91,2.28,3.1,3.24,
2021-11-22,0.08,0.05,0.63,1.33,1.63,1.98,2.24,3.1,3.18,
2021-11-23,0.08,0.06,0.6,1.33,1.67,2.02,2.24,3.1,3.3,
2021-11-24,0.08,0.06,0.64,1.34,1.64,1.96,2.19,3.1,3.32,
2021-11-25,0.08,0.06,0.64,1.34,1.64,1.96,2.19,3.1,3.32,
2021-11-26,0.08,0.06,0.64,1.34,1.64,1.96,2.18,3.1,3.62,
2021-11-27,0.08,0.06,0.64,1.34,1.64,1.96,2.18,3.1,3.62,
2021-11-28,0.08,0.06,0.64,1.34,1.64,1.96,2.18,3.1,3.62,
2021-11-29,0.08,0.06,0.64,1.34,1.64,1.96,2.18,3.1,3.62,
